,Unnamed: 0,Festival,Ano,Dia,Artista,Palco,Tipo de Palco,Género,Nacionalidade,Comentários
316,1,NOS Primavera Sounds,2014,7/6,!!!,Palco NOS,Principal,B – M,,
67,9,Alive,2013,13/07,2manydjs,Palco Optimus,Principal,B – M,,
562,7,Rock In Rio,2010,22/5,2manydjs,Palco Mundo,Principal,B – M,,
655,8,Sudoeste,2010,04/08,2manydjs,Palco tmn,Principal,B – M,,
35,11,Alive,2011,08/07,30 Seconds to Mars,Palco Optimus,Principal,B – M,,
207,12,Marés Vivas,2013,20/07,30 Seconds to Mars,,Principal,B – M,,
856,13,Sudoeste,2019,08/08,6lack ,Palco Meo,Principal,B – M,,
182,16,Marés Vivas,2010,16/07,A Silent Film,Palco tmn,Principal,B – M,,
360,27,NOS Primavera Sounds,2018,8/6,A$ap Rocky,Palco NOS,Principal,M,,
791,28,Sudoeste,2015,09/08,Above & Beyond,Palco Meo,Principal,M,,
831,38,Sudoeste,2017,05/08,Afrojack,Palco Meo,Principal,M,,
702,37,Sudoeste,2012,01/08,Afrojack,Palco TMN,Principal,M,,
248,43,Marés Vivas,2017,14/07,Agir,Palco Meo,Principal,M,PT,
115,44,Alive,2016,09/07,Agir,Palco NOS,Principal,M,PT,
643,40,Rock In Rio,2018,24/06,Agir,Palco Mundo,Principal,M,PT,
336,45,NOS Primavera Sounds,2016,11/6,Air,Palco NOS,Principal,B – M,,
674,46,Sudoeste,2010,08/08,Air,Palco tmn,Principal,B – M,,
935,52,Super Bock Super Rock,2014,19/07,Albert Hammond Jr.,Palco Super Bock,Principal,B – M,,
372,55,NOS Primavera Sounds,2019,7/6,Aldous Harding,Palco NOS,Principal,B – M,,
764,58,Sudoeste,2014,09/08,Alesso,Palco Meo,Principal,B – M,,
729,57,Sudoeste,2013,07/08,Alesso,Palco MEO,Principal,B – M,,
553,69,Paredes de Coura,2019,17/08,Alice Phoebe Lou,Palco Vodafone FM,Principal,B – M,,
145,68,Alive,2018,14/07,Alice in Chains,Palco NOS,Principal,B – M,,
17,67,Alive,2010,08/07,Alice in Chains,Palco Optimus,Principal,B – M,,
459,70,Paredes de Coura,2015,21/08,Allah-Las,Palco Vodafone,Principal,B – M,,
909,73,Super Bock Super Rock,2012,07/07,Aloe Blacc,Palco Super Bock,Principal,B – M,,
120,78,Alive,2017,06/07,Alt-J,Palco NOS,Principal,B – M,,
91,77,Alive,2015,09/07,Alt-J,Palco NOS,Principal,B – M,,
535,81,Paredes de Coura,2019,15/08,Alvvways,Palco Vodafone,Principal,B – M,,
252,85,Marés Vivas,2017,15/07,Amor Electro,Palco Meo,Principal,B – F,PT,
571,87,Rock In Rio,2010,29/5,Amy Macdonald,Palco Mundo,Principal,F,,
231,94,Marés Vivas,2015,18/07,Ana Moura,Palco Meo,Principal,F,PT,
914,97,Super Bock Super Rock,2013,18/07,Anarchicks,Palco Super Bock,Principal,B – F,,
974,99,Super Bock Super Rock,2018,20/07,Anderson .Paak & The Free Nationals,Palco Super Bock,Principal,F,,
352,107,NOS Primavera Sounds,2017,9/6,Angel Olsen,Palco NOS,Principal,F,,
340,109,NOS Primavera Sounds,2016,9/6,Animal Collective,Palco NOS,Principal,B – M,,
852,111,Sudoeste,2019,07/08,Anitta,Palco Meo,Principal,F,,
644,110,Rock In Rio,2018,24/06,Anitta,Palco Mundo,Principal,F,,
424,112,Paredes de Coura,2012,16/08,Anna Calvi,Palco EDP,Principal,F,,
786,115,Sudoeste,2015,08/08,Anselmo Ralph,Palco Meo,Principal,M,,
746,114,Sudoeste,2013,11/08,Anselmo Ralph,Palco MEO,Principal,M,,
324,121,NOS Primavera Sounds,2015,5/6,Antony and the Johnsons,Palco NOS,Principal,B – M,,
344,122,NOS Primavera Sounds,2017,10/6,Aphex Twin,Palco NOS,Principal,M,,
832,126,Sudoeste,2017,05/08,April Ivy,Palco Meo,Principal,F,,
889,131,Super Bock Super Rock,2011,15/07,Arcade Fire,Palco Super bock,Principal,B – M,,
525,130,Paredes de Coura,2018,18/08,Arcade Fire,Palco Vodafone,Principal,B – M,,
619,129,Rock In Rio,2014,31/05,Arcade Fire,Palco Mundo,Principal,B – M,,
116,132,Alive,2016,09/07,Arcade Fire,Palco NOS,Principal,B – M,,
134,134,Alive,2018,12/07,Arctic Monkeys,Palco NOS,Principal,B – M,,
915,137,Super Bock Super Rock,2013,18/07,Arctic Monkeys,Palco Super Bock,Principal,B – M,,
884,133,Super Bock Super Rock,2011,14/07,Arctic Monkeys,Palco Super bock,Principal,B – M,,
77,138,Alive,2014,10/07,Arctic Monkeys,Palco NOS,Principal,B – M,,
922,140,Super Bock Super Rock,2013,20/07,Ash,Palco Super Bock,Principal,B – M,,
495,146,Paredes de Coura,2017,17/08,At the Drive In,Palco Vodafone,Principal,B – M,,
196,156,Marés Vivas,2011,16/07,Aurea,Palco tmn,Principal,F,PT,
536,161,Paredes de Coura,2019,15/08,Avi Buffalo,Palco Vodafone FM,Principal,F,,
730,164,Sudoeste,2013,07/08,Avicii,Palco MEO,Principal,M,,
635,163,Rock In Rio,2016,29/05,Avicii,Palco Mundo,Principal,M,,
679,166,Sudoeste,2011,03/08,Axwell,Palco TMN,Principal,M,,
12,167,Alive,2009,11/07,Ayo,Palco Optimus,Principal,F,,
916,169,Super Bock Super Rock,2013,18/07,Azealia Banks,Palco Super Bock,Principal,F,,
759,177,Sudoeste,2014,08/08,B4,Palco Meo,Principal,M,,
500,180,Paredes de Coura,2017,18/08,BadBadNotGood,Palco Vodafone,Principal,B – M,,
670,184,Sudoeste,2010,07/08,Bajofondo,Palco tmn,Principal,B – M,,
544,187,Paredes de Coura,2019,16/08,Balthazar,Palco Vodafone FM,Principal,B – M,,
117,190,Alive,2016,09/07,Band of Horses,Palco NOS,Principal,B – M,,
464,192,Paredes de Coura,2015,22/08,Banda do Mar,Palco Vodafone,Principal,B – MF,,
325,191,NOS Primavera Sounds,2015,5/6,Banda do Mar,Palco NOS,Principal,B – MF,,
249,207,Marés Vivas,2017,14/07,Bastille,Palco Meo,Principal,B – M,,
639,206,Rock In Rio,2018,23/06,Bastille,Palco Mundo,Principal,B – M,,
87,208,Alive,2014,12/07,Bastille,Palco NOS,Principal,B – M,,
407,215,Paredes de Coura,2011,19/08,Battles,Palco Ritek,Principal,B – M,,
328,220,NOS Primavera Sounds,2015,6/6,Baxter Dury,Palco NOS,Principal,M,,
501,224,Paredes de Coura,2017,18/08,Beach House,Palco Vodafone,Principal,M,,
332,223,NOS Primavera Sounds,2016,10/6,Beach House,Palco NOS,Principal,B – M,,
489,227,Paredes de Coura,2017,16/08,Beak,Palco Vodafone,Principal,B – M,,
910,236,Super Bock Super Rock,2012,07/07,Bebe,Palco Super Bock,Principal,B – M,,
530,239,Paredes de Coura,2019,14/08,Bed Legs,Palco Vodafone,Principal,B – M,,
885,241,Super Bock Super Rock,2011,14/07,Beirut,Palco Super bock,Principal,B – M,,
364,242,NOS Primavera Sounds,2018,9/6,Belako,Palco NOS,Principal,B – M,,
444,244,Paredes de Coura,2013,17/08,Belle & Sebastian,Palco Vodafone,Principal,B – M,,
705,247,Sudoeste,2012,02/08,Ben Harper,Palco TMN,Principal,B – M,,
92,248,Alive,2015,09/07,Ben Harper,Palco NOS,Principal,M,,
186,249,Marés Vivas,2010,17/07,Ben Harper & the Relentless7,Palco tmn,Principal,B – M,,
706,250,Sudoeste,2012,02/08,Ben Howard,Palco TMN,Principal,B – M,,
78,251,Alive,2014,10/07,Ben Howard,Palco NOS,Principal,M,,
505,257,Paredes de Coura,2017,19/08,Benjamin Clementine,Palco Vodafone,Principal,M,,
977,259,Super Bock Super Rock,2018,21/07,Benjamin Clementine,Palco Super Bock,Principal,M,,
769,261,Sudoeste,2014,10/08,Benny Benassi,Palco Meo,Principal,M,,
723,266,Sudoeste,2012,05/08,Best Coast,Palco TMN,Principal,M,,
469,270,Paredes de Coura,2016,17/08,Best Youth,Palco Vodafone,Principal,M,,
244,273,Marés Vivas,2016,16/07,Beth Orton,Palco Meo,Principal,F,,
62,280,Alive,2013,12/07,Biffy Clyro,Palco Optimus,Principal,B – M,,
18,279,Alive,2010,08/07,Biffy Clyro,Palco Optimus,Principal,B – M,,
106,281,Alive,2016,07/07,Biffy Clyro,Palco NOS,Principal,B – M,,
526,286,Paredes de Coura,2018,18/08,Big Thief,Palco Vodafone,Principal,B – M,,
284,287,NOS Primavera Sounds,2012,7/6,Bigott,Palco Optimus,Principal,M,,
445,300,Paredes de Coura,2013,17/08,Black Bombaim,Palco Vodafone,Principal,B – M,PT,
545,304,Paredes de Coura,2019,16/08,Black Midi,Palco Vodafone FM,Principal,B – M,,
918,305,Super Bock Super Rock,2013,19/07,Black Rebel Motorcycle  Club,Palco Super Bock,Principal,B – M,,
139,306,Alive,2018,13/07,Black Rebel Motorcycle Club,Palco NOS,Principal,B – M,,
96,309,Alive,2015,10/07,Blasted Mechanism,Palco NOS,Principal,B – M,PT,
6,307,Alive,2009,10/07,Blasted Mechanism,Palco Optimus,Principal,B – M,PT,
853,313,Sudoeste,2019,07/08,Blaya,Palco Meo,Principal,B – M,,
223,316,Marés Vivas,2015,16/07,Blind Zero,Palco Meo,Principal,B – M,PT,
956,319,Super Bock Super Rock,2016,15/07,Bloc Party,Palco Super Bock,Principal,B – M,,
899,318,Super Bock Super Rock,2012,05/07,Bloc Party,Palco Super Bock,Principal,B – M,,
402,321,Paredes de Coura,2011,18/08,Blonde Redhead,Palco Ritek,Principal,B – M,,
26,322,Alive,2011,06/07,Blondie,Palco Optimus,Principal,B – F,,
449,324,Paredes de Coura,2015,19/08,Blood Red Shoes,Palco Vodafone,Principal,B – F,,
140,328,Alive,2018,13/07,Blossoms,Palco NOS,Principal,B – M,,
945,333,Super Bock Super Rock,2015,17/07,Blur,Palco Super Bock,Principal,B – M,,
304,332,NOS Primavera Sounds,2013,31/5,Blur,Palco Optimus,Principal,B – M,,
660,339,Sudoeste,2010,05/08,Bomba Estéreo,Palco tmn,Principal,B – M,,
162,345,Alive,2019,13/07,Bon Iver,Palco NOS,Principal,M,,
353,344,NOS Primavera Sounds,2017,9/6,Bon Iver,Palco NOS,Principal,M,,
531,349,Paredes de Coura,2019,14/08,Boogarins,Palco Vodafone,Principal,B – M,,
13,355,Alive,2009,11/07,Boss AC,Palco Optimus,Principal,M,PT,
607,356,Rock In Rio,2014,25/05,Boss Ac & Áurea,Palco Mundo,Principal,M,,
537,361,Paredes de Coura,2019,15/08,Boy Pablo,Palco Vodafone FM,Principal,M,,
894,367,Super Bock Super Rock,2011,16/07,Brandon Flowers,Palco Super bock,Principal,M,,
361,378,NOS Primavera Sounds,2018,8/6,Breeders,Palco NOS,Principal,B – M,,
671,379,Sudoeste,2010,07/08,Brett Dennen,Palco tmn,Principal,M,,
333,380,NOS Primavera Sounds,2016,10/6,Brian Wilson,Palco NOS,Principal,M,,
623,384,Rock In Rio,2016,19/05,Bruce Springsteen,Palco Mundo,Principal,M,,
599,383,Rock In Rio,2012,3/06,Bruce Springsteen,Palco Mundo,Principal,M,,
645,387,Rock In Rio,2018,24/06,Bruno Mars,Palco Mundo,Principal,M,,
502,390,Paredes de Coura,2017,18/08,Bruno Pernadas,Palco Vodafone,Principal,M,,
587,394,Rock In Rio,2012,2/06,Bryan Adams,Palco Mundo,Principal,M,,
135,395,Alive,2018,12/07,Bryan Ferry,Palco NOS,Principal,M,,
368,397,NOS Primavera Sounds,2019,6/6,Built to Spill,Palco NOS,Principal,M,,
82,402,Alive,2014,11/07,Buraka Som Sistema,Palco NOS,Principal,B – MF,PT,
227,400,Marés Vivas,2015,17/07,Buraka Som Sistema,Palco Meo,Principal,B – MF,PT,
780,399,Sudoeste,2015,07/08,Buraka Som Sistema,Palco Meo,Principal,B – MF,,
200,408,Marés Vivas,2013,18/07,Bush,,Principal,B – M,,
775,410,Sudoeste,2015,06/08,C2C,Palco Meo,Principal,B – M,,
806,412,Sudoeste,2016,05/08,C4 Pedro,Palco Meo,Principal,B – M,,
839,413,Sudoeste,2018,09/08,C4Pedro,Palco Meo,Principal,B – M,,
485,538,Paredes de Coura,2016,20/08,CHVRCHES,Palco Vodafone,Principal,B – M,,
308,417,NOS Primavera Sounds,2014,5/6,Caetano Veloso,Palco NOS,Principal,M,,
479,419,Paredes de Coura,2016,19/08,Cage The Elephant,Palco Vodafone,Principal,M,,
446,426,Paredes de Coura,2013,17/08,Calexico,Palco Vodafone,Principal,M,,
814,429,Sudoeste,2016,07/08,Cali Y El Dandee,Palco Meo,Principal,M,,
717,430,Sudoeste,2012,04/08,Calle 13,Palco TMN,Principal,M,,
742,431,Sudoeste,2013,10/08,Calvin Harris,Palco MEO,Principal,M,,
776,432,Sudoeste,2015,06/08,Calvin Harris,Palco Meo,Principal,M,,
615,441,Rock In Rio,2014,30/05,Capital Inicial,Palco Mundo,Principal,M,,
484,446,Paredes de Coura,2016,20/08,Capitão Fausto,Palco Vodafone,Principal,M,PT,
429,445,Paredes de Coura,2012,17/08,Capitão Fausto,Palco EDP,Principal,M,PT,
900,448,Super Bock Super Rock,2012,05/07,Capitão Fausto,Palco Super Bock,Principal,M,,
962,450,Super Bock Super Rock,2017,13/07,Capitão Fausto,Palco Super Bock,Principal,M,,
538,447,Paredes de Coura,2019,15/08,Capitão Fausto,Palco Vodafone,Principal,M,,
496,459,Paredes de Coura,2017,17/08,Car Seat Headrest,Palco Vodafone,Principal,M,,
539,460,Paredes de Coura,2019,15/08,Car Seat Headrest,Palco Vodafone,Principal,M,,
58,464,Alive,2012,15/07,Caribou,Palco Optimus,Principal,M,,
384,463,Paredes de Coura,2010,29/07,Caribou,Palco Paredes de Coura,Principal,M,,
320,462,NOS Primavera Sounds,2015,4/6,Caribou,Palco NOS,Principal,M,,
781,470,Sudoeste,2015,07/08,Carlão,Palco Meo,Principal,M,,
276,471,Marés Vivas,2019,20/07,Carlão,Palco MEO,Principal,M,PT,
264,490,Marés Vivas,2018,21/07,Carolina Deslandes,Palco Meo,Principal,F,PT,
864,489,Sudoeste,2019,10/08,Carolina Deslandes,Palco Meo,Principal,F,,
334,493,NOS Primavera Sounds,2016,10/6,Cass Mccombs,Palco NOS,Principal,M,,
981,497,Super Bock Super Rock,2019,18/07,Cat Power,Palco Super Bock,Principal,M,,
540,504,Paredes de Coura,2019,15/08,Cave Story,Palco Vodafone FM,Principal,M,,
743,509,Sudoeste,2013,10/08,Cee Lo Green,Palco MEO,Principal,M,,
450,512,Paredes de Coura,2015,19/08,Ceremony,Palco Vodafone,Principal,M,,
337,515,NOS Primavera Sounds,2016,11/6,Chairlift,Palco NOS,Principal,B – F,,
460,518,Paredes de Coura,2015,21/08,Charles Bradley,Palco Vodafone,Principal,B – F,,
636,519,Rock In Rio,2016,29/05,Charlie Puth,Palco Mundo,Principal,B – F,,
101,524,Alive,2015,11/07,Chet Faker,Palco NOS,Principal,M,,
14,530,Alive,2009,11/07,Chris Cornell,Palco Optimus,Principal,M,,
369,532,NOS Primavera Sounds,2019,6/6,Christina Rosenvinge,Palco NOS,Principal,M,,
985,533,Super Bock Super Rock,2019,19/07,Christine and The Queens,Palco Super Bock,Principal,M,,
348,542,NOS Primavera Sounds,2017,8/6,Cigarettes After Sex,Palco NOS,Principal,B – M,,
321,544,NOS Primavera Sounds,2015,4/6,Cinerama,Palco NOS,Principal,B – M,,
782,554,Sudoeste,2015,07/08,Clean Bandit,Palco Meo,Principal,B – M,,
797,556,Sudoeste,2016,03/08,Club Banditz,Palco Meo,Principal,B – M,,
215,549,Marés Vivas,2014,18/07,Clã + Ana Moura,,Principal,B – F,PT,
665,560,Sudoeste,2010,06/08,Colbie Caillat,Palco tmn,Principal,B – F,,
174,561,Marés Vivas,2009,18/07,Colbie Caillat,,Principal,F,,
27,565,Alive,2011,06/07,Coldplay,Palco Optimus,Principal,B – M,,
546,574,Paredes de Coura,2019,16/08,Connan Mockasin,Palco Vodafone FM,Principal,B – M,,
380,577,Paredes de Coura,2010,28/07,Cosmo Jarvis,Palco Paredes de Coura,Principal,B – M,,
102,578,Alive,2015,11/07,Counting Crows,Palco NOS,Principal,B – M,,
125,579,Alive,2017,07/07,Courteeners,Palco NOS,Principal,B – M,,
373,582,NOS Primavera Sounds,2019,7/6,Courtney Barnett,Palco NOS,Principal,F,,
480,589,Paredes de Coura,2016,19/08,Crocodiles,Palco Vodafone,Principal,F,,
827,596,Sudoeste,2017,04/08,Crystal Fighters,Palco Meo,Principal,F,,
949,598,Super Bock Super Rock,2015,18/07,Crystal Fighters,Palco Super Bock,Principal,F,,
403,600,Paredes de Coura,2011,18/08,Crystal Stilts,Palco Ritek,Principal,F,,
931,602,Super Bock Super Rock,2014,18/07,Cults,Palco Super Bock,Principal,F,,
527,604,Paredes de Coura,2018,18/08,Curtis Harding,Palco Vodafone,Principal,F,,
868,605,Super Bock Super Rock,2010,16/07,Cut Copy,Palco Super bock,Principal,F,,
632,612,Rock In Rio,2016,28/05,D.A.M.A & Gabriel o Pensador,Palco Mundo,Principal,F,,
777,614,Sudoeste,2015,06/08,D.A.M.A.,Palco Meo,Principal,F,,
268,611,Marés Vivas,2018,22/07,D.A.M.A.,Palco Meo,Principal,B – M,PT,
235,610,Marés Vivas,2016,14/07,D.A.M.A.,Palco Meo,Principal,B – M,PT,
413,719,Paredes de Coura,2011,20/08,DFA 1979,Palco Ritek,Principal,B – M,,
520,733,Paredes de Coura,2018,17/08,DIIV,Palco Vodafone,Principal,B – M,,
798,766,Sudoeste,2016,03/08,DJ Callas,Palco Meo,Principal,B – M,,
799,772,Sudoeste,2016,03/08,DJ Darcy,Palco Meo,Principal,B – M,,
783,796,Sudoeste,2015,07/08,DJ No Expression,Palco Meo,Principal,B – M,,
680,808,Sudoeste,2011,03/08,DJ Ramesh,Palco TMN,Principal,B – M,,
747,811,Sudoeste,2013,11/08,DJ Ride,Palco MEO,Principal,B – M,,
823,824,Sudoeste,2017,03/08,DJ Snake,Palco Meo,Principal,B – M,,
840,825,Sudoeste,2018,09/08,DJ Snake,Palco Ring,Principal,B – M,,
792,842,Sudoeste,2015,09/08,DJeff Afrozila,Palco Meo,Principal,B – M,,
771,841,Sudoeste,2014,10/08,DJeff Afrozila,Palco Meo,Principal,B – M,,
800,882,Sudoeste,2016,03/08,DVBBS,Palco Meo,Principal,B – M,,
807,627,Sudoeste,2016,05/08,Damian Marley,Palco Meo,Principal,B – M,,
329,628,NOS Primavera Sounds,2015,6/6,Damien Rice,Palco NOS,Principal,M,,
48,637,Alive,2012,13/07,Danko Jones,Palco Optimus,Principal,B – M,,
370,638,NOS Primavera Sounds,2019,6/6,Danny Brown,Palco NOS,Principal,B – M,,
15,643,Alive,2009,11/07,Dave Matthews Band,Palco Optimus,Principal,B – M,,
183,648,Marés Vivas,2010,16/07,David Fonseca,Palco tmn,Principal,M,PT,
693,650,Sudoeste,2011,06/08,David Guetta,Palco TMN,Principal,M,,
675,649,Sudoeste,2010,08/08,David Guetta,Palco tmn,Principal,M,,
265,654,Marés Vivas,2018,21/07,David Guetta,Palco Meo,Principal,M,,
770,652,Sudoeste,2014,10/08,David Guetta,Palco Meo,Principal,M,,
203,653,Marés Vivas,2013,19/07,David Guetta,,Principal,M,,
724,651,Sudoeste,2012,05/08,David Guetta,Palco TMN,Principal,M,,
959,658,Super Bock Super Rock,2016,16/07,De La Soul,Palco Super Bock,Principal,M,,
430,661,Paredes de Coura,2012,17/08,Dead Combo,Palco EDP,Principal,M,,
528,666,Paredes de Coura,2018,18/08,Dead Combo c/ Mark Lanegan,Palco Vodafone,Principal,M,,
292,673,NOS Primavera Sounds,2012,9/6,Death Cab for Cutie,Palco Optimus,Principal,B – M,,
835,682,Sudoeste,2018,08/08,Deejay Telio,Palco Meo,Principal,B – M,,
341,685,NOS Primavera Sounds,2016,9/6,Deerhunter,Palco NOS,Principal,B – M,,
547,687,Paredes de Coura,2019,16/08,Deerhunter,Palco Vodafone,Principal,B – M,,
408,686,Paredes de Coura,2011,19/08,Deerhunter,Palco Ritek,Principal,B – M,,
968,688,Super Bock Super Rock,2017,15/07,Deftones,Palco Super Bock,Principal,B – M,,
22,689,Alive,2010,09/07,Deftones,Palco Optimus,Principal,B – M,,
646,697,Rock In Rio,2018,24/06,Demi Lovato,Palco Mundo,Principal,B – M,,
239,702,Marés Vivas,2016,15/07,Dengaz,Palco Meo,Principal,M,PT,
833,701,Sudoeste,2017,05/08,Dengaz,Palco Meo,Principal,M,,
778,700,Sudoeste,2015,06/08,Dengaz,Palco Meo,Principal,M,,
688,705,Sudoeste,2011,05/08,Deolinda,Palco TMN,Principal,M,,
68,706,Alive,2013,13/07,Depeche Mode,Palco Optimus,Principal,B – M,,
130,707,Alive,2017,08/07,Depeche Mode,Palco NOS,Principal,B – M,,
548,709,Paredes de Coura,2019,16/08,Derby Motoreta's Burrito Kachimba,Palco Vodafone FM,Principal,B – M,,
844,710,Sudoeste,2018,10/08,Desiigner,Palco Meo,Principal,B – M,,
419,730,Paredes de Coura,2012,15/08,Digitalism,Palco EDP,Principal,B – M,PT,
296,741,NOS Primavera Sounds,2013,1/6,Dinosaur Jr.,Palco Optimus,Principal,B – M,,
640,746,Rock In Rio,2018,23/06,Diogo Piçarra,Palco Mundo,Principal,B – M,PT,
250,749,Marés Vivas,2017,14/07,Diogo Piçarra,Palco Meo,Principal,M,PT,
810,748,Sudoeste,2016,06/08,Diogo Piçarra,Palco Meo,Principal,M,,
848,750,Sudoeste,2018,11/08,Diogo Piçarra,Palco Meo,Principal,M,,
103,757,Alive,2015,11/07,Disclosure,Palco NOS,Principal,B – M,,
926,754,Super Bock Super Rock,2014,17/07,Disclosure,Palco Super Bock,Principal,B – M,,
953,755,Super Bock Super Rock,2016,14/07,Disclosure,Palco Super Bock,Principal,B – M,,
989,758,Super Bock Super Rock,2019,20/07,Disclosure,Palco Super Bock,Principal,B – M,,
731,840,Sudoeste,2013,07/08,Djeff,Palco MEO,Principal,B – M,,
277,850,Marés Vivas,2019,20/07,Don Broco,Palco MEO,Principal,B – M,,
836,852,Sudoeste,2018,08/08,Don Diablo,Palco Meo,Principal,B – M,,
737,853,Sudoeste,2013,09/08,Donavon Frankenreiter,Palco MEO,Principal,B – M,,
681,860,Sudoeste,2011,03/08,Dr. Ramos,Palco TMN,Principal,B – M,,
656,862,Sudoeste,2010,04/08,Dr.Ramos,Palco tmn,Principal,B – M,,
43,868,Alive,2011,10/07,Dropkick Murphys,Palco Optimus,Principal,B – M,,
828,871,Sudoeste,2017,04/08,Dua Lipa,Palco Meo,Principal,B – M,,
37,875,Alive,2011,09/07,Duck Sauce,Palco Optimus,Principal,B – M,,
572,619,Rock In Rio,2010,29/5,D’ZRT,Palco Mundo,Principal,B – M,PT,
7,887,Alive,2009,10/07,Eagles of Death Metal,Palco Optimus,Principal,B – M,,
439,889,Paredes de Coura,2013,16/08,Echo and the Bunnymen,Palco Vodafone,Principal,B – M,,
620,891,Rock In Rio,2014,31/05,Ed Sheeran,Palco Mundo,Principal,B – M,,
711,892,Sudoeste,2012,03/08,Eddie Vedder,Palco TMN,Principal,B – M,,
932,893,Super Bock Super Rock,2014,18/07,Eddie Vedder,Palco Super Bock,Principal,B – M,,
188,895,Marés Vivas,2010,17/07,Editors,Palco tmn,Principal,B – M,,
69,896,Alive,2013,13/07,Editors,Palco Optimus,Principal,B – M,,
178,900,Marés Vivas,2010,15/07,Edward Maya,Palco tmn,Principal,M,,
895,906,Super Bock Super Rock,2011,16/07,Elbow,Palco Super bock,Principal,M,,
385,909,Paredes de Coura,2010,29/07,Eli Paperboy Reed,Palco Paredes de Coura,Principal,M,,
684,911,Sudoeste,2011,04/08,Eliza Doolittle,Palco TMN,Principal,M,,
754,912,Sudoeste,2014,07/08,Ellie Goulding,Palco Meo,Principal,M,,
236,915,Marés Vivas,2016,14/07,Elton John,Palco Meo,Principal,M,,
563,914,Rock In Rio,2010,22/5,Elton John,Palco Mundo,Principal,M,,
779,919,Sudoeste,2015,06/08,Emeli Sandé,Palco Meo,Principal,M,,
878,923,Super Bock Super Rock,2010,18/07,Empire of the Sun,Palco Super bock,Principal,M,,
386,931,Paredes de Coura,2010,29/07,Enter Shikari,Palco Paredes de Coura,Principal,B – M,,
376,938,NOS Primavera Sounds,2019,8/6,Erykah Badu,Palco NOS,Principal,F,,
490,940,Paredes de Coura,2017,16/08,Escola do Rock,Palco Vodafone,Principal,F,,
591,948,Rock In Rio,2012,25/05,Evanescence,Palco Mundo,Principal,F,,
434,949,Paredes de Coura,2013,15/08,Everything Everything,Palco Vodafone,Principal,F,,
345,951,NOS Primavera Sounds,2017,10/6,Evols,Palco NOS,Principal,B – M,PT,
772,954,Sudoeste,2014,10/08,Example,Palco Meo,Principal,B – M,,
712,953,Sudoeste,2012,03/08,Example,Palco TMN,Principal,B – M,,
744,961,Sudoeste,2013,10/08,Expensive Soul,Palco MEO,Principal,B – M,,
666,960,Sudoeste,2010,06/08,Expensive Soul,Palco tmn,Principal,B – M,,
193,962,Marés Vivas,2011,15/07,Expensive Soul,Palco tmn,Principal,B – M,PT,
253,963,Marés Vivas,2017,15/07,Expensive Soul,Palco Meo,Principal,B – M,PT,
583,959,Rock In Rio,2012,01/06,Expensive Soul,Palco Mundo,Principal,B – M,,
297,966,NOS Primavera Sounds,2013,1/6,Explosions In The Sky,Palco Optimus,Principal,B – M,,
950,999,Super Bock Super Rock,2015,18/07,FFS,Palco Super Bock,Principal,B – M,,
19,973,Alive,2010,08/07,Faith No More,Palco Optimus,Principal,B – M,,
707,977,Sudoeste,2012,02/08,Fat Freddy's Drop,Palco TMN,Principal,B – M,,
738,978,Sudoeste,2013,09/08,Fatboy Slim,Palco MEO,Principal,B – M,,
969,979,Super Bock Super Rock,2017,15/07,Fatboy Slim,Palco Super Bock,Principal,B – M,,
454,981,Paredes de Coura,2015,20/08,Father John Misty,Palco Vodafone,Principal,B – M,,
549,982,Paredes de Coura,2019,16/08,Father John Misty,Palco Vodafone,Principal,B – M,,
626,990,Rock In Rio,2016,20/05,Fergie,Palco Mundo,Principal,B – M,,
698,1003,Sudoeste,2011,07/08,Filipe Pinto,Palco TMN,Principal,B – M,,
550,1011,Paredes de Coura,2019,16/08,First Breath After Coma,Palco Vodafone,Principal,B – M,,
661,1015,Sudoeste,2010,05/08,Flaming Lips,Palco tmn,Principal,B – M,,
515,1017,Paredes de Coura,2018,16/08,Fleet Foxes,Palco Vodafone,Principal,B – M,,
951,1025,Super Bock Super Rock,2015,18/07,Florence and The Machine,Palco Super Bock,Principal,B – M,,
936,1032,Super Bock Super Rock,2014,19/07,Foals,Palco Super Bock,Principal,B – M,,
506,1031,Paredes de Coura,2017,19/08,Foals,Palco Vodafone,Principal,B – M,,
111,1034,Alive,2016,08/07,Foals,Palco NOS,Principal,B – M,,
30,1037,Alive,2011,07/07,Foo Fighters,Palco Optimus,Principal,B – M,,
126,1038,Alive,2017,07/07,Foo Fighters,Palco NOS,Principal,B – M,,
970,1045,Super Bock Super Rock,2017,15/07,Foster The People,Palco Super Bock,Principal,B – M,,
88,1046,Alive,2014,12/07,Foster the People,Palco NOS,Principal,B – M,,
507,1052,Paredes de Coura,2017,19/08,Foxygen,Palco Vodafone,Principal,B – M,,
237,1053,Marés Vivas,2016,14/07,Foy vance,Palco Meo,Principal,M,,
146,1065,Alive,2018,14/07,Franz Ferdinand,Palco NOS,Principal,B – M,,
554,1067,Paredes de Coura,2019,17/08,Freddie Gibbs & Madlib,Palco Vodafone,Principal,B – M,,
682,1069,Sudoeste,2011,03/08,Freshkitos,Palco TMN,Principal,B – M,,
904,1074,Super Bock Super Rock,2012,06/07,Friendly Fires,Palco Super Bock,Principal,B – M,,
965,1091,Super Bock Super Rock,2017,14/07,Future,Palco Super Bock,Principal,B – M,,
491,1092,Paredes de Coura,2017,16/08,Future Islands,Palco Vodafone,Principal,B – M,,
179,1139,Marés Vivas,2010,15/07,GNR,Palco tmn,Principal,B – M,PT,
175,1098,Marés Vivas,2009,18/07,Gabriella Cilmi,,Principal,F,,
451,1100,Paredes de Coura,2015,19/08,Gala Drop,Palco Vodafone,Principal,F,,
387,1105,Paredes de Coura,2010,29/07,Gallows,Palco Paredes de Coura,Principal,F,,
425,1107,Paredes de Coura,2012,16/08,Gang Gang Dance,Palco EDP,Principal,F,,
555,1108,Paredes de Coura,2019,17/08,Ganso,Palco Vodafone,Principal,F,,
923,1111,Super Bock Super Rock,2013,20/07,Gary Clark Jr.,Palco Super Bock,Principal,F,,
611,1110,Rock In Rio,2014,29/05,Gary Clark Jr.,Palco Mundo,Principal,F,,
713,1114,Sudoeste,2012,03/08,Gen Hansard,Palco TMN,Principal,F,,
760,1115,Sudoeste,2014,08/08,Gentleman,Palco Meo,Principal,F,,
44,1144,Alive,2011,10/07,Gogol Bordello,Palco Optimus,Principal,B – M,,
180,1150,Marés Vivas,2010,15/07,Goldfrapp,Palco tmn,Principal,B – F,,
45,1152,Alive,2011,10/07,Gomez,Palco Optimus,Principal,B – M,,
260,1155,Marés Vivas,2018,20/07,Goo Goo Dolls,Palco Meo,Principal,B – M,,
718,1158,Sudoeste,2012,04/08,Gorillaz Sound System,Palco TMN,Principal,B – M,,
156,1159,Alive,2019,12/07,Gossip,Palco NOS,Principal,B – F,,
510,1165,Paredes de Coura,2018,15/08,Grandfather’s House,Palco Vodafone,Principal,B – F,,
63,1166,Alive,2013,12/07,Green Day,Palco Optimus,Principal,B – M,,
157,1168,Alive,2019,12/07,Greta Van Fleet,Palco NOS,Principal,F,,
305,1171,NOS Primavera Sounds,2013,31/5,Grizzly Bear,Palco Optimus,Principal,B – M,,
662,1176,Sudoeste,2010,05/08,Groove Armada,Palco tmn,Principal,B – M,,
28,1177,Alive,2011,06/07,Grouplove,Palco Optimus,Principal,B – MF,,
346,1178,NOS Primavera Sounds,2017,10/6,Growlers,Palco NOS,Principal,B – M,,
171,1182,Marés Vivas,2009,17/07,Guano Apes,,Principal,B – F,,
104,1236,Alive,2015,11/07,HMB,Palco NOS,Principal,B – M,PT,
280,1235,Marés Vivas,2019,21/07,HMB,Palco MEO,Principal,B – M,PT,
651,1201,Rock In Rio,2018,30/06,Hailee Steinfeld,Palco Mundo,Principal,B – M,,
641,1203,Rock In Rio,2018,23/06,Haim,Palco Mundo,Principal,B – M,,
755,1208,Sudoeste,2014,07/08,Hardwell,Palco Meo,Principal,B – M,,
841,1210,Sudoeste,2018,09/08,Hardwell,Palco Meo,Principal,B – M,,
787,1209,Sudoeste,2015,08/08,Hardwell,Palco Meo,Principal,B – M,,
629,1243,Rock In Rio,2016,27/05,Hollywood Vampire,Palco Mundo,Principal,B – M,,
621,1246,Rock In Rio,2014,31/05,"Homenagem a António Variações com: Linda Martini, Gisela João, Rui Pregal da Cunha e Deolinda",Palco Mundo,Principal,B – M,,
377,1250,NOS Primavera Sounds,2019,8/6,Hop Along,Palco NOS,Principal,B – M,,
435,1251,Paredes de Coura,2013,15/08,Hot Chip,Palco Vodafone,Principal,B – M,,
874,1252,Super Bock Super Rock,2010,17/07,Hot Chip,Palco Super bock,Principal,B – M,,
901,1253,Super Bock Super Rock,2012,05/07,Hot Chip,Palco Super Bock,Principal,B – M,,
362,1276,NOS Primavera Sounds,2018,8/6,Idles,Palco NOS,Principal,B – M,,
957,1279,Super Bock Super Rock,2016,15/07,Iggy Pop,Palco Super Bock,Principal,B – M,,
31,1278,Alive,2011,07/07,Iggy and The Stooges,Palco Optimus,Principal,B – M,,
131,1281,Alive,2017,08/07,Imagine Dragons,Palco NOS,Principal,B – M,,
79,1280,Alive,2014,10/07,Imagine Dragons,Palco NOS,Principal,B – M,,
902,1283,Super Bock Super Rock,2012,05/07,Incubus,Palco Super Bock,Principal,B – M,,
80,1291,Alive,2014,10/07,Interpol,Palco NOS,Principal,B – M,,
699,1290,Sudoeste,2011,07/08,Interpol,Palco TMN,Principal,B – M,,
322,1288,NOS Primavera Sounds,2015,4/6,Interpol,Palco NOS,Principal,B – M,,
381,1300,Paredes de Coura,2010,28/07,Isidro LX,Palco Paredes de Coura,Principal,B – M,,
579,1303,Rock In Rio,2010,6/6,Ivete Sangalo,Palco Mundo,Principal,B – M,,
637,1307,Rock In Rio,2016,29/05,Ivete Sangalo,Palco Mundo,Principal,B – M,,* substitui Ariana Grande
584,1304,Rock In Rio,2012,01/06,Ivete Sangalo,Palco Mundo,Principal,B – M,,
633,1306,Rock In Rio,2016,28/05,Ivete Sangalo,Palco Mundo,Principal,B – M,,
608,1305,Rock In Rio,2014,25/05,Ivete Sangalo,Palco Mundo,Principal,B – M,,
652,1308,Rock In Rio,2018,30/06,Ivete Sangalo,Palco Mundo,Principal,B – M,,
158,1311,Alive,2019,12/07,Izal,Palco NOS,Principal,B – M,,
374,1313,NOS Primavera Sounds,2019,7/6,J Balvin,Palco NOS,Principal,M,,
837,1314,Sudoeste,2018,08/08,J Balvin,Palco Meo,Principal,M,,
23,1401,Alive,2010,09/07,JET,Palco Optimus,Principal,B – M,,
147,1317,Alive,2018,14/07,Jack White,Palco NOS,Principal,M,,
436,1322,Paredes de Coura,2013,15/08,Jagwar NA,Palco Vodafone,Principal,M,,
72,1329,Alive,2013,14/07,Jake Bugg,Palco Optimus,Principal,M,,
600,1333,Rock In Rio,2012,3/06,James,Palco Mundo,Principal,M,,
216,1335,Marés Vivas,2014,18/07,James,,Principal,B – M,,
647,1334,Rock In Rio,2018,29/06,James,Palco Mundo,Principal,B – M,,
245,1336,Marés Vivas,2016,16/07,James,Palco Meo,Principal,B – M,,
217,1337,Marés Vivas,2014,18/07,James Arthur,,Principal,M,,
93,1339,Alive,2015,09/07,James Bay,Palco NOS,Principal,M,,
240,1338,Marés Vivas,2016,15/07,James Bay,Palco Meo,Principal,M,,
375,1341,NOS Primavera Sounds,2019,7/6,James Blake,Palco NOS,Principal,M,,
300,1340,NOS Primavera Sounds,2013,30/5,James Blake,Palco Optimus,Principal,M,,
714,1347,Sudoeste,2012,03/08,James Morrison,Palco TMN,Principal,M,,
204,1349,Marés Vivas,2013,19/07,James Morrison,,Principal,M,,
667,1346,Sudoeste,2010,06/08,James Morrison,Palco tmn,Principal,M,,
811,1348,Sudoeste,2016,06/08,James Morrison,Palco Meo,Principal,M,,
232,1354,Marés Vivas,2015,18/07,Jamie Cullum,Palco Meo,Principal,M,,
765,1353,Sudoeste,2014,09/08,Jamie Cullum,Palco Meo,Principal,M,,
869,1356,Super Bock Super Rock,2010,16/07,Jamie Lidell,Palco Super bock,Principal,M,,
396,1359,Paredes de Coura,2010,31/07,Jamie T,Palco Paredes de Coura,Principal,M,,
356,1361,NOS Primavera Sounds,2018,7/6,Jamie XX,Palco NOS,Principal,M,,
261,1367,Marés Vivas,2018,20/07,Jamiroquai,Palco Meo,Principal,B – M,,
668,1365,Sudoeste,2010,06/08,Jamiroquai,Palco tmn,Principal,B – M,,
834,1366,Sudoeste,2017,05/08,Jamiroquai,Palco Meo,Principal,B – M,,
38,1369,Alive,2011,09/07,Jane's Addiction,Palco Optimus,Principal,B – M,,
685,1372,Sudoeste,2011,04/08,Janelle Monáe,Palco TMN,Principal,B – M,,
739,1373,Sudoeste,2013,09/08,Janelle Monáe,Palco MEO,Principal,B – M,,
990,1374,Super Bock Super Rock,2019,20/07,Janelle Monáe,Palco Super Bock,Principal,B – M,,
503,1378,Paredes de Coura,2017,18/08,Japandroids,Palco Vodafone,Principal,B – M,,
842,1384,Sudoeste,2018,09/08,Jason Derulo,Palco Meo,Principal,B – M,,
176,1385,Marés Vivas,2009,18/07,Jason Mraz,,Principal,M,,
751,1387,Sudoeste,2014,06/08,Jay Hardway,Palco Meo,Principal,M,,
653,1396,Rock In Rio,2018,30/06,Jessie J,Palco Mundo,Principal,M,,
603,1395,Rock In Rio,2014,01/06,Jessie J,Palco Mundo,Principal,M,,
725,1397,Sudoeste,2012,05/08,Jessie J,Palco TMN,Principal,M,,
32,1407,Alive,2011,07/07,Jimmy Eat World,Palco Optimus,Principal,B – M,,
784,1408,Sudoeste,2015,07/08,Jimmy P.,Palco Meo,Principal,B – M,,
857,1412,Sudoeste,2019,08/08,Jimmy P.,Palco Meo,Principal,B – M,,
241,1411,Marés Vivas,2016,15/07,Jimmy P.,Palco Meo,Principal,M,PT,
815,1409,Sudoeste,2016,07/08,Jimmy P.,Palco Meo,Principal,M,,
256,1456,Marés Vivas,2017,16/07,Joe Sumner,Palco Meo,Principal,M,,
580,1467,Rock In Rio,2010,6/6,John Mayer,Palco Mundo,Principal,M,,
756,1468,Sudoeste,2014,07/08,John Newman,Palco Meo,Principal,M,,
917,1476,Super Bock Super Rock,2013,18/07,Johnny Marr,Palco Super Bock,Principal,M,,
551,1481,Paredes de Coura,2019,16/08,Jonathan Wilson,Palco Vodafone,Principal,M,,
224,1482,Marés Vivas,2015,16/07,Jonh Legend,Palco Meo,Principal,M,,
225,1483,Marés Vivas,2015,16/07,Jonh Newman,Palco Meo,Principal,M,,
378,1486,NOS Primavera Sounds,2019,8/6,Jorge Ben Jor,Palco NOS,Principal,M,,
947,1490,Super Bock Super Rock,2015,17/07,Jorge Palma & Sérgio Godinho,Palco Super Bock,Principal,M,,
802,1500,Sudoeste,2016,04/08,Josef Salvat,Palco Meo,Principal,M,,
588,1502,Rock In Rio,2012,2/06,Joss Stone,Palco Mundo,Principal,M,,
219,1504,Marés Vivas,2014,19/07,Joss Stone,,Principal,F,,
865,1503,Sudoeste,2019,10/08,Joss Stone,Palco Meo,Principal,F,,
269,1505,Marés Vivas,2018,22/07,Joss Stone,Palco Meo,Principal,F,,
564,1435,Rock In Rio,2010,22/5,João Pedro Pais,Palco Mundo,Principal,F,PT,
604,1437,Rock In Rio,2014,01/06,João Pedro Pais e Jorge Palma,Palco Mundo,Principal,F,,
532,1517,Paredes de Coura,2019,14/08,Julia Jacklin,Palco Vodafone,Principal,F,,
875,1519,Super Bock Super Rock,2010,17/07,Julian Casablancas,Palco Super bock,Principal,F,,
978,1520,Super Bock Super Rock,2018,21/07,Julian Casablancas,Palco Super Bock,Principal,F,,
982,1527,Super Bock Super Rock,2019,18/07,Jungle,Palco Super Bock,Principal,F,,
516,1526,Paredes de Coura,2018,16/08,Jungle,Palco Vodafone,Principal,F,,
70,1532,Alive,2013,13/07,Jurassic 5,Palco Optimus,Principal,B – M,,
49,1536,Alive,2012,13/07,Justice,Palco Optimus,Principal,B – M,,
349,1533,NOS Primavera Sounds,2017,8/6,Justice,Palco NOS,Principal,B – M,,
971,1535,Super Bock Super Rock,2018,19/07,Justice,Palco Super Bock,Principal,B – M,,
447,1534,Paredes de Coura,2013,17/08,Justice,Palco Vodafone,Principal,B – M,,
605,1537,Rock In Rio,2014,01/06,Justin Timberlake,Palco Mundo,Principal,B – M,,
601,1539,Rock In Rio,2012,3/06,Kaiser Chiefs,Palco Mundo,Principal,B – M,,
168,1541,Marés Vivas,2009,16/07,Kaiser Chiefs,,Principal,B – M,,
919,1540,Super Bock Super Rock,2013,19/07,Kaiser Chiefs,Palco Super Bock,Principal,B – M,,
39,1542,Alive,2011,09/07,Kaiser Chiefs,Palco Optimus,Principal,B – M,,
141,1544,Alive,2018,13/07,Kaleo,Palco NOS,Principal,B – M,,
556,1546,Paredes de Coura,2019,17/08,Kamaal Williams,Palco Vodafone FM,Principal,B – M,,
689,1547,Sudoeste,2011,05/08,Kanye West,Palco TMN,Principal,B – M,,
773,1553,Sudoeste,2014,10/08,Karetus,Palco Meo,Principal,B – M,,
849,1555,Sudoeste,2018,11/08,Karetus,Palco Meo,Principal,B – M,,
20,1560,Alive,2010,08/07,Kasabian,Palco Optimus,Principal,B – M,,
937,1559,Super Bock Super Rock,2014,19/07,Kasabian,Palco Super Bock,Principal,B – M,,
426,1558,Paredes de Coura,2012,16/08,Kasabian,Palco EDP,Principal,B – M,,
492,1564,Paredes de Coura,2017,16/08,Kate Tempest,Palco Vodafone,Principal,B – M,,
654,1566,Rock In Rio,2018,30/06,Katy Perry,Palco Mundo,Principal,B – M,,
986,1569,Super Bock Super Rock,2019,19/07,Kaytranada,Palco Super Bock,Principal,B – M,,
272,1538,Marés Vivas,2019,19/07,Keane,Palco MEO,Principal,B – M,,
177,1572,Marés Vivas,2009,18/07,Keane,,Principal,B – M,,
870,1571,Super Bock Super Rock,2010,16/07,Keane,Palco Super bock,Principal,B – M,,
238,1581,Marés Vivas,2016,14/07,Kelis,Palco Meo,Principal,F,,
960,1585,Super Bock Super Rock,2016,16/07,Kendrick Lamar,Palco Super Bock,Principal,F,,
309,1584,NOS Primavera Sounds,2014,5/6,Kendrick Lamar,Palco NOS,Principal,M,,
521,1591,Paredes de Coura,2018,17/08,Kevin Morby,Palco Vodafone,Principal,M,,
481,1590,Paredes de Coura,2016,19/08,Kevin Morby,Palco Vodafone,Principal,M,,
541,1594,Paredes de Coura,2019,15/08,Khruangbin,Palco Vodafone,Principal,M,,
228,1600,Marés Vivas,2015,17/07,Kika,Palco Meo,Principal,F,PT,
745,1599,Sudoeste,2013,10/08,Kika,Palco MEO,Principal,F,,
482,1608,Paredes de Coura,2016,19/08,King Gizzard & The Lizard Wizard,Palco Vodafone,Principal,F,,
511,1609,Paredes de Coura,2018,15/08,King Gizzard & The Lizard Wizard,Palco Vodafone,Principal,F,,
497,1613,Paredes de Coura,2017,17/08,King Krule,Palco Vodafone,Principal,F,,
409,1615,Paredes de Coura,2011,19/08,Kings of Convenience,Palco Ritek,Principal,F,,
293,1614,NOS Primavera Sounds,2012,9/6,Kings of Convenience,Palco Optimus,Principal,B – M,,
73,1616,Alive,2013,14/07,Kings of Lion,Palco Optimus,Principal,B – M,,
420,1618,Paredes de Coura,2012,15/08,"Kitty, Daisy and Lewis",Palco EDP,Principal,B – M,,
208,1621,Marés Vivas,2013,20/07,Klaxons,,Principal,B – M,,
390,1620,Paredes de Coura,2010,30/07,Klaxons,Palco Paredes de Coura,Principal,B – M,,
266,1626,Marés Vivas,2018,21/07,Kodaline,Palco Meo,Principal,B – M,,
273,1627,Marés Vivas,2019,19/07,Kodaline,Palco MEO,Principal,B – M,,
132,1629,Alive,2017,08/07,Kodaline,Palco NOS,Principal,B – M,,
242,1630,Marés Vivas,2016,15/07,Kodaline,Palco Meo,Principal,B – M,,
630,1635,Rock In Rio,2016,27/05,Korn,Palco Mundo,Principal,B – M,,
774,1641,Sudoeste,2014,10/08,Kura,Palco Meo,Principal,B – M,,
858,1643,Sudoeste,2019,08/08,Kura,Palco Meo,Principal,B – M,,
808,1642,Sudoeste,2016,05/08,Kura,Palco Meo,Principal,B – M,,
46,1668,Alive,2011,10/07,LCD Soundsystem,Palco Optimus,Principal,B – M,,
474,1667,Paredes de Coura,2016,18/08,LCD Soundsystem,Palco Vodafone,Principal,B – M,,
270,1753,Marés Vivas,2018,22/07,LP,Palco Meo,Principal,F,,
979,1651,Super Bock Super Rock,2018,21/07,La Fura Dels Baus,Palco Super Bock,Principal,F,,
205,1652,Marés Vivas,2013,19/07,La Roux,,Principal,B – F,,
431,1655,Paredes de Coura,2012,17/08,Ladrões do Tempo,Palco EDP,Principal,B – F,PT,
169,1658,Marés Vivas,2009,16/07,Lamb,,Principal,B – F,,
0,1659,Alive,2009,09/07,Lamb of God,Palco Optimus,Principal,B – M,,
983,1661,Super Bock Super Rock,2019,18/07,Lana Del Rey,Palco Super Bock,Principal,B – M,,
905,1660,Super Bock Super Rock,2012,06/07,Lana Del Rey,Palco Super Bock,Principal,B – M,,
876,1678,Super Bock Super Rock,2010,17/07,LeftField,Palco Super bock,Principal,B – M,,
850,1679,Sudoeste,2018,11/08,Lemaitre,Palco Meo,Principal,B – M,,
229,1682,Marés Vivas,2015,17/07,Lenny Kravitz,Palco Meo,Principal,M,,
585,1681,Rock In Rio,2012,01/06,Lenny Kravitz,Palco Mundo,Principal,M,,
565,1684,Rock In Rio,2010,22/5,Leona Lewis,Palco Mundo,Principal,M,,
788,1698,Sudoeste,2015,08/08,Lil Jon,Palco Meo,Principal,M,,
845,1699,Sudoeste,2018,10/08,Lil Pump,Palco Meo,Principal,M,,
829,1700,Sudoeste,2017,04/08,Lil Wayne,Palco Meo,Principal,M,,
595,1701,Rock In Rio,2012,26/5,Limp Bizkit,Palco Mundo,Principal,M,,
338,1704,NOS Primavera Sounds,2016,11/6,Linda Martini,Palco NOS,Principal,B – M,PT,
74,1710,Alive,2013,14/07,Linda Martini,Palco Optimus,Principal,B – M,PT,
151,1711,Alive,2019,11/07,Linda Martini,Palco NOS,Principal,B – M,PT,
512,1707,Paredes de Coura,2018,15/08,Linda Martini,Palco Vodafone,Principal,B – M,,
414,1706,Paredes de Coura,2011,20/08,Linda Martini,Palco Ritek,Principal,B – M,,
596,1714,Rock In Rio,2012,26/5,Linkin Park,Palco Mundo,Principal,B – M,,
616,1715,Rock In Rio,2014,30/05,Linkin Park,Palco Mundo,Principal,B – M,,
306,1728,NOS Primavera Sounds,2013,31/5,Local Natives,Palco Optimus,Principal,B – M,,
966,1732,Super Bock Super Rock,2017,14/07,London Grammar,Palco Super Bock,Principal,B – M,,
357,1736,NOS Primavera Sounds,2018,7/6,Lorde,Palco NOS,Principal,F,,
622,1737,Rock In Rio,2014,31/05,Lorde,Palco Mundo,Principal,F,,
382,1738,Paredes de Coura,2010,28/07,Los Campesinos!,Palco Paredes de Coura,Principal,F,,
243,1743,Marés Vivas,2016,15/07,Lost Frequencies,Palco Meo,Principal,M,,
522,1758,Paredes de Coura,2018,17/08,Lucy Dacus,Palco Vodafone,Principal,M,,
254,1766,Marés Vivas,2017,15/07,Lukas Graham,Palco Meo,Principal,M,,
40,1767,Alive,2011,09/07,Lululemon ,Palco Optimus,Principal,B – M,PT,
465,1771,Paredes de Coura,2015,22/08,Lykke Li,Palco Vodafone,Principal,B – M,,
906,1776,Super Bock Super Rock,2012,06/07,M.I.A.,Palco Super Bock,Principal,B – M,,
663,1775,Sudoeste,2010,05/08,M.I.A.,Palco tmn,Principal,B – M,,
288,1778,NOS Primavera Sounds,2012,8/6,M83,Palco Optimus,Principal,B – M,,
118,1779,Alive,2016,09/07,M83,Palco NOS,Principal,B – M,,
83,1958,Alive,2014,11/07,MGMT,Palco NOS,Principal,B – M,,
148,1959,Alive,2018,14/07,MGMT,Palco NOS,Principal,B – M,,
323,1780,NOS Primavera Sounds,2015,4/6,Mac DeMarco,Palco NOS,Principal,M,,
606,1782,Rock In Rio,2014,01/06,Mac Miller,Palco Mundo,Principal,M,,
819,1783,Sudoeste,2017,02/08,Mac Miller,Palco Meo,Principal,M,,
1,1787,Alive,2009,09/07,Machine Head,Palco Optimus,Principal,B – M,,
940,1792,Super Bock Super Rock,2015,16/07,Madeon,Palco Super Bock,Principal,B – M,,
415,1807,Paredes de Coura,2011,20/08,Maika Mokovki,Palco Ritek,Principal,B – M,,
278,1815,Marés Vivas,2019,20/07,Mando Diao,Palco MEO,Principal,B – M,,
298,1816,NOS Primavera Sounds,2013,1/6,Manel,Palco Optimus,Principal,M,PT,
508,1820,Paredes de Coura,2017,19/08,Manel Cruz,Palco Vodafone,Principal,M,,
262,1821,Marés Vivas,2018,20/07,Manel Cruz,Palco Meo,Principal,M,PT,
190,1826,Marés Vivas,2011,14/07,Manu Chao,Palco tmn,Principal,M,,
690,1844,Sudoeste,2011,05/08,Marcelo Camelo,Palco TMN,Principal,M,,
708,1845,Sudoeste,2012,02/08,Marcelo D2,Palco TMN,Principal,M,,
664,1858,Sudoeste,2010,05/08,Maria Gadú,Palco tmn,Principal,M,,
410,1863,Paredes de Coura,2011,19/08,Marina & The Diamonds,Palco Ritek,Principal,M,,
581,1866,Rock In Rio,2010,6/6,Mariza,Palco Mundo,Principal,M,,
461,1867,Paredes de Coura,2015,21/08,Mark Lanegan,Palco Vodafone,Principal,M,,
513,1869,Paredes de Coura,2018,15/08,Marlon Williams,Palco Vodafone,Principal,M,,
97,1871,Alive,2015,10/07,Marmozets,Palco NOS,Principal,B – F,,
634,1874,Rock In Rio,2016,28/05,Maroon 5,Palco Mundo,Principal,B – F,,
586,1873,Rock In Rio,2012,01/06,Maroon 5,Palco Mundo,Principal,B – F,,
824,1878,Sudoeste,2017,03/08,Marshmello,Palco Meo,Principal,B – F,,
846,1879,Sudoeste,2018,10/08,Marshmello,Palco Meo,Principal,B – F,,
830,1884,Sudoeste,2017,04/08,Martin Garrix,Palco Meo,Principal,B – F,,
803,1883,Sudoeste,2016,04/08,Martin Garrix,Palco Meo,Principal,B – F,,
752,1882,Sudoeste,2014,06/08,Martin Garrix,Palco Meo,Principal,B – F,,
703,1885,Sudoeste,2012,01/08,Martin Solveig,Palco TMN,Principal,B – F,,
927,1899,Super Bock Super Rock,2014,17/07,Massive Attack,Palco Super Bock,Principal,B – F,,
676,1898,Sudoeste,2010,08/08,Massive Attack,Palco tmn,Principal,B – F,,
958,1900,Super Bock Super Rock,2016,15/07,Massive Attack & Young Fathers,Palco Super Bock,Principal,B – F,,
2,1903,Alive,2009,09/07,Mastodon,Palco Optimus,Principal,B – M,,
592,1902,Rock In Rio,2012,25/05,Mastodon,Palco Mundo,Principal,B – M,,
820,1907,Sudoeste,2017,02/08,Matias Damásio,Palco Meo,Principal,B – M,,
709,1909,Sudoeste,2012,02/08,Matisyahu,Palco TMN,Principal,B – M,,
871,1914,Super Bock Super Rock,2010,16/07,Mayer Hawthorne,Palco Super bock,Principal,B – M,,
573,1921,Rock In Rio,2010,29/5,McFly,Palco Mundo,Principal,B – M,,
575,1925,Rock In Rio,2010,30/05,Megadeath,Palco Mundo,Principal,B – M,,
383,1931,Paredes de Coura,2010,28/07,Memory Tapes,Palco Paredes de Coura,Principal,B – M,,
307,1930,NOS Primavera Sounds,2013,31/5,Memória de Peixe,Palco Optimus,Principal,B – M,PT,
710,1935,Sudoeste,2012,02/08,Meninos do Coro,Palco TMN,Principal,B – M,,
726,1938,Sudoeste,2012,05/08,Meninos do Coro,Palco TMN,Principal,B – M,,
719,1937,Sudoeste,2012,04/08,Meninos do Coro,Palco TMN,Principal,B – M,,
715,1936,Sudoeste,2012,03/08,Meninos do Coro,Palco TMN,Principal,B – M,,
301,1939,NOS Primavera Sounds,2013,30/5,Merchandise,Palco Optimus,Principal,B – M,,
593,1943,Rock In Rio,2012,25/05,Metallica,Palco Mundo,Principal,B – M,,
3,1944,Alive,2009,09/07,Metallica,Palco Optimus,Principal,B – M,,
347,1946,NOS Primavera Sounds,2017,10/6,Metronomy,Palco NOS,Principal,B – M,,
928,1948,Super Bock Super Rock,2014,17/07,Metronomy,Palco Super Bock,Principal,B – M,,
365,1942,NOS Primavera Sounds,2018,9/6,Metá Metá,Palco NOS,Principal,B – M,,
694,1954,Sudoeste,2011,06/08,Mexican Institute Of Sound,Palco TMN,Principal,B – M,,
421,1964,Paredes de Coura,2012,15/08,Midlake,Palco EDP,Principal,B – M,,
991,1972,Super Bock Super Rock,2019,20/07,Migos,Palco Super Bock,Principal,B – M,,
350,1973,NOS Primavera Sounds,2017,8/6,Miguel,Palco NOS,Principal,M,,
757,1977,Sudoeste,2014,07/08,Miguel Araújo,Palco Meo,Principal,M,,
230,1978,Marés Vivas,2015,17/07,Miguel Araújo,Palco Meo,Principal,M,PT,
136,1981,Alive,2018,12/07,Miguel Araújo,Palco NOS,Principal,M,PT,
257,1979,Marés Vivas,2017,16/07,Miguel Araújo,Palco Meo,Principal,M,PT,
672,1995,Sudoeste,2010,07/08,Mika,Palco tmn,Principal,M,,
627,1994,Rock In Rio,2016,20/05,Mika,Palco Mundo,Principal,M,,
197,1996,Marés Vivas,2011,16/07,Mika,Palco tmn,Principal,M,,
677,2005,Sudoeste,2010,08/08,Mike Patton's,Palco tmn,Principal,M,,
574,2007,Rock In Rio,2010,29/5,Miley Cyrus,Palco Mundo,Principal,M,,
941,2008,Super Bock Super Rock,2015,16/07,Milky Chance,Palco Super Bock,Principal,M,,
470,2012,Paredes de Coura,2016,17/08,Minor Victories,Palco Vodafone,Principal,M,,
274,2024,Marés Vivas,2019,19/07,Mishlawi,Palco MEO,Principal,M,PT,
825,2023,Sudoeste,2017,03/08,Mishlawi,Palco Meo,Principal,M,,
924,2027,Super Bock Super Rock,2013,20/07,Miss Lava,Palco Super Bock,Principal,M,,
557,2032,Paredes de Coura,2019,17/08,Mitski,Palco Vodafone,Principal,M,,
194,2037,Marés Vivas,2011,15/07,Moby,Palco tmn,Principal,M,,
339,2045,NOS Primavera Sounds,2016,11/6,Moderat,Palco NOS,Principal,M,,
211,2049,Marés Vivas,2014,17/07,Modestep,,Principal,B – M,,
366,2051,NOS Primavera Sounds,2018,9/6,Mogwai,Palco NOS,Principal,B – M,,
416,2052,Paredes de Coura,2011,20/08,Mogwai,Palco Ritek,Principal,B – M,,
152,2054,Alive,2019,11/07,Mogwai,Palco NOS,Principal,B – M,,
312,2050,NOS Primavera Sounds,2014,6/6,Mogwai,Palco NOS,Principal,B – M,,
21,2063,Alive,2010,08/07,Moonspell,Palco Optimus,Principal,B – M,PT,
53,2066,Alive,2012,14/07,Morcheeba,Palco Optimus,Principal,B – M,,
181,2064,Marés Vivas,2010,15/07,Morcheeba,Palco tmn,Principal,B – F,,
281,2065,Marés Vivas,2019,21/07,Morcheeba,Palco MEO,Principal,B – F,,
576,2074,Rock In Rio,2010,30/05,Motorhead,Palco Mundo,Principal,B – F,,
98,2091,Alive,2015,10/07,Mumford & Sons,Palco NOS,Principal,B – M,,
54,2090,Alive,2012,14/07,Mumford & Sons,Palco Optimus,Principal,B – M,,
847,2097,Sudoeste,2018,10/08,Mundo Segundo & Sam The Kid,Palco Meo,Principal,B – M,,
94,2103,Alive,2015,09/07,Muse,Palco NOS,Principal,B – M,,
567,2101,Rock In Rio,2010,27/5,Muse,Palco Mundo,Principal,B – M,,
642,2102,Rock In Rio,2018,23/06,Muse,Palco Mundo,Principal,B – M,,
638,2104,Rock In Rio,2016,,Musical Rock In Rio,Palco Mundo,Principal,B – M,,*tocaram tds os dias
299,2106,NOS Primavera Sounds,2013,1/6,My Bloody Valentine,Palco Optimus,Principal,B – MF,,
33,2107,Alive,2011,07/07,My Chemical Romance,Palco Optimus,Principal,B – M,,
529,2109,Paredes de Coura,2018,18/08,Myles Sanko,Palco Vodafone,Principal,B – M,,
24,1835,Alive,2010,09/07,Mão Morta,Palco Optimus,Principal,B – M,PT,
493,1834,Paredes de Coura,2017,16/08,Mão Morta,Palco Vodafone,Principal,B – M,,
397,1833,Paredes de Coura,2010,31/07,Mão Morta,Palco Paredes de Coura,Principal,B – M,PT,
732,2058,Sudoeste,2013,08/08,Mónica Ferraz,Palco MEO,Principal,B – M,,
191,2119,Marés Vivas,2011,14/07,Natiruts,Palco tmn,Principal,B – M,,
733,2118,Sudoeste,2013,08/08,Natiruts,Palco MEO,Principal,B – M,,
816,2134,Sudoeste,2016,07/08,Nervo,Palco Meo,Principal,B – M,,
317,2136,NOS Primavera Sounds,2014,7/6,Neutral Milk Hotel,Palco NOS,Principal,B – M,,
542,2138,Paredes de Coura,2019,15/08,New Order,Palco Vodafone,Principal,B – M,,
367,2144,NOS Primavera Sounds,2018,9/6,Nick Cave & The Bad Seeds,Palco NOS,Principal,B – M,,
302,2143,NOS Primavera Sounds,2013,30/5,Nick Cave & The Bad Seeds,Palco Optimus,Principal,B – M,,
498,2145,Paredes de Coura,2017,17/08,Nick Murphy,Palco Vodafone,Principal,B – M,,
354,2146,NOS Primavera Sounds,2017,9/6,Nicolas Jaar,Palco NOS,Principal,M,,
189,2154,Marés Vivas,2010,17/07,Nikolaj Grandjean,Palco tmn,Principal,M,,
137,2163,Alive,2018,12/07,Nine Inch Nails,Palco NOS,Principal,B – M,,
55,2170,Alive,2012,14/07,Noah and the Whale,Palco Optimus,Principal,B – M,,
942,2171,Super Bock Super Rock,2015,16/07,Noel Gallagher's high flying birds,Palco Super Bock,Principal,B – M,,
890,2173,Super Bock Super Rock,2011,15/07,Noiserv,Palco Super bock,Principal,B – M,PT,
657,2202,Sudoeste,2010,04/08,Nuno Reis,Palco tmn,Principal,B – M,,
762,2208,Sudoeste,2014,08/08,O Rappa,Palco Meo,Principal,B – M,,
427,2221,Paredes de Coura,2012,16/08,Of Montreal,Palco EDP,Principal,B – M,,
793,2226,Sudoeste,2015,09/08,Oliver Heldens,Palco Meo,Principal,B – M,,
71,2236,Alive,2013,13/07,Oquestrada,Palco Optimus,Principal,B – F,PT,
669,2239,Sudoeste,2010,06/08,Orelha Negra,Palco tmn,Principal,B – F,,
961,2246,Super Bock Super Rock,2016,16/07,Orelha Negra,Palco Super Bock,Principal,B – F,,
471,2245,Paredes de Coura,2016,17/08,Orelha Negra,Palco Vodafone,Principal,B – F,,
206,2247,Marés Vivas,2013,19/07,Orelha Negra,,Principal,B – M,PT,
748,2242,Sudoeste,2013,11/08,Orelha Negra,Palco MEO,Principal,B – M,,
279,2254,Marés Vivas,2019,20/07,Ornatos Violeta,Palco MEO,Principal,B – M,PT,
432,2253,Paredes de Coura,2012,17/08,Ornatos Violeta,Palco EDP,Principal,B – M,PT,
153,2255,Alive,2019,11/07,Ornatos Violeta,Palco NOS,Principal,B – M,PT,
398,2259,Paredes de Coura,2010,31/07,Os Dias de Raiva,Palco Paredes de Coura,Principal,B – M,,
8,2262,Alive,2009,10/07,Os Pontos Negros,Palco Optimus,Principal,B – M,PT,
275,2263,Marés Vivas,2019,19/07,Os Quatro e Meia,Palco MEO,Principal,B – M,PT,
310,2258,NOS Primavera Sounds,2014,5/6,Os da Cidade,Palco NOS,Principal,B – M,,
59,2312,Alive,2012,15/07,PAUS,Palco Optimus,Principal,B – M,,
391,2308,Paredes de Coura,2010,30/07,PAUS,Palco Paredes de Coura,Principal,B – M,PT,
448,2275,Paredes de Coura,2013,17/08,Palma Violets,Palco Vodafone,Principal,B – M,,
879,2277,Super Bock Super Rock,2010,18/07,Palma's Gang,Palco Super bock,Principal,B – M,,
609,2278,Rock In Rio,2014,25/05,Paloma Faith,Palco Mundo,Principal,B – M,,
41,2285,Alive,2011,09/07,Paramore,Palco Optimus,Principal,B – F,,
533,2287,Paredes de Coura,2019,14/08,Parcels,Palco Vodafone,Principal,B – F,,
691,2294,Sudoeste,2011,05/08,Patrice,Palco TMN,Principal,B – F,,
558,2300,Paredes de Coura,2019,17/08,Patti Smith,Palco Vodafone,Principal,B – F,,
326,2299,NOS Primavera Sounds,2015,5/6,Patti Smith,Palco NOS,Principal,F,,
440,2316,Paredes de Coura,2013,16/08,Peace,Palco Vodafone,Principal,F,,
184,2317,Marés Vivas,2010,16/07,Peaches,Palco tmn,Principal,F,,
47,2321,Alive,2011,10/07,Pearl Jam,Palco Optimus,Principal,B – M,,
149,2322,Alive,2018,14/07,Pearl Jam,Palco NOS,Principal,B – M,,
753,2325,Sudoeste,2014,06/08,Pedro Cazanova,Palco Meo,Principal,B – M,,
455,2340,Paredes de Coura,2015,20/08,Peixe:Avião,Palco Vodafone,Principal,B – M,,
678,2338,Sudoeste,2010,08/08,Peixe:Avião,Palco tmn,Principal,B – M,,
159,2347,Alive,2019,12/07,Perry Farrell,Palco NOS,Principal,M,,
872,2348,Super Bock Super Rock,2010,16/07,Pet Shop Boys,Palco Super bock,Principal,M,,
740,2351,Sudoeste,2013,09/08,Pete Tha Zouk,Palco MEO,Principal,M,,
704,2350,Sudoeste,2012,01/08,Pete Tha Zouk,Palco TMN,Principal,M,,
911,2352,Super Bock Super Rock,2012,07/07,Peter Gabriel,Palco Super Bock,Principal,M,,
392,2353,Paredes de Coura,2010,30/07,Peter Hook,Palco Paredes de Coura,Principal,M,,
75,2360,Alive,2013,14/07,Phoenix,Palco Optimus,Principal,B – M,,
987,2359,Super Bock Super Rock,2019,19/07,Phoenix,Palco Super Bock,Principal,B – M,,
121,2361,Alive,2017,06/07,Phoenix,Palco NOS,Principal,B – M,,
838,2370,Sudoeste,2018,08/08,Piruka,Palco Meo,Principal,B – M,,
734,2378,Sudoeste,2013,08/08,Pitbull,Palco MEO,Principal,B – M,,
313,2381,NOS Primavera Sounds,2014,6/6,Pixies,Palco NOS,Principal,B – M,,
107,2382,Alive,2016,07/07,Pixies,Palco NOS,Principal,B – M,,
335,2383,NOS Primavera Sounds,2016,10/6,Pj Harvey,Palco NOS,Principal,F,,
9,2385,Alive,2009,10/07,Placebo,Palco Optimus,Principal,B – M,,
185,2384,Marés Vivas,2010,16/07,Placebo,Palco tmn,Principal,B – M,,
355,2400,NOS Primavera Sounds,2017,9/6,Pond,Palco NOS,Principal,B – M,,
891,2404,Super Bock Super Rock,2011,15/07,Portishead,Palco Super bock,Principal,B – M,,
220,2405,Marés Vivas,2014,19/07,Portishead,,Principal,B – F,,
486,2406,Paredes de Coura,2016,20/08,Portugal. The Man,Palco Vodafone,Principal,B – F,,
859,2408,Sudoeste,2019,08/08,Post Malone,Palco Meo,Principal,B – F,,
170,2413,Marés Vivas,2009,16/07,Primal Scream,,Principal,B – M,,
160,2415,Alive,2019,12/07,Primal Scream,Palco NOS,Principal,B – M,,
880,2417,Super Bock Super Rock,2010,18/07,Prince,Palco Super bock,Principal,B – M,,
992,2423,Super Bock Super Rock,2019,20/07,ProfJam,Palco Super Bock,Principal,B – M,,
404,2431,Paredes de Coura,2011,18/08,Pulp,Palco Ritek,Principal,B – M,,
789,2346,Sudoeste,2015,08/08,Pérola,Palco Meo,Principal,B – M,,
628,2441,Rock In Rio,2016,20/05,Queen + Adam Lambert,Palco Mundo,Principal,B – M,,
925,2444,Super Bock Super Rock,2013,20/07,Queens of The Stone Age,Palco Super Bock,Principal,B – M,,
617,2443,Rock In Rio,2014,30/05,Queens of The Stone Age,Palco Mundo,Principal,B – M,,
142,2445,Alive,2018,13/07,Queens of The Stone Age,Palco NOS,Principal,B – M,,
794,2447,Sudoeste,2015,09/08,Quentin Mosimann,Palco Meo,Principal,B – M,,
112,2450,Alive,2016,08/07,Radiohead,Palco NOS,Principal,B – M,,
60,2449,Alive,2012,15/07,Radiohead,Palco Optimus,Principal,B – M,,
577,2457,Rock In Rio,2010,30/05,Rammstein,Palco Mundo,Principal,B – M,,
4,2459,Alive,2009,09/07,Ramp,Palco Optimus,Principal,B – M,,
686,2462,Sudoeste,2011,04/08,Raphael Saadiq,Palco TMN,Principal,B – M,,
466,2468,Paredes de Coura,2015,22/08,Ratatat,Palco Vodafone,Principal,B – M,,
963,2477,Super Bock Super Rock,2017,13/07,Red Hot Chili Peppers,Palco Super Bock,Principal,B – M,,
50,2480,Alive,2012,13/07,Refused,Palco Optimus,Principal,B – M,,
790,2483,Sudoeste,2015,08/08,Regula,Palco Meo,Principal,B – M,,
358,2488,NOS Primavera Sounds,2018,7/6,Rhye,Palco NOS,Principal,B – M,,
821,2505,Sudoeste,2017,02/08,Richie Campbell,Palco Meo,Principal,B – M,,
716,2503,Sudoeste,2012,03/08,Richie Campbell,Palco TMN,Principal,B – M,,
735,2504,Sudoeste,2013,08/08,Richie Campbell,Palco MEO,Principal,B – M,,
226,2506,Marés Vivas,2015,16/07,Richie Campbell,Palco Meo,Principal,M,PT,
263,2507,Marés Vivas,2018,20/07,Richie Campbell,Palco Meo,Principal,M,PT,
330,2512,NOS Primavera Sounds,2015,6/6,Ride,Palco NOS,Principal,B – M,,
271,2518,Marés Vivas,2018,22/07,Rita Ora,Palco Meo,Principal,F,,
866,2517,Sudoeste,2019,10/08,Rita Ora,Palco Meo,Principal,F,,
631,2522,Rock In Rio,2016,27/05,Rival Sons,Palco Mundo,Principal,F,,
610,2524,Rock In Rio,2014,25/05,Robbie Williams,Palco Mundo,Principal,F,,
108,2525,Alive,2016,07/07,Robert Plant and The Sensational Space Shifters,Palco NOS,Principal,B – M,,
952,2532,Super Bock Super Rock,2015,18/07,Rodrigo Amarante,Palco Super Bock,Principal,B – M,,
892,2533,Super Bock Super Rock,2011,15/07,Rodrigo Leão,Palco Super bock,Principal,B – M,PT,
379,2547,NOS Primavera Sounds,2019,8/6,Rosalia,Palco NOS,Principal,F,,
289,2556,NOS Primavera Sounds,2012,8/6,Rufus Wainwright,Palco Optimus,Principal,M,,
209,2575,Marés Vivas,2013,20/07,Rui Veloso,,Principal,M,PT,
246,2576,Marés Vivas,2016,16/07,Rui Veloso,Palco Meo,Principal,M,PT,
612,2578,Rock In Rio,2014,29/05,Rui Veloso com Lenine e Angelique Kidjo,Palco Mundo,Principal,M,,
351,2582,NOS Primavera Sounds,2017,8/6,Run The Jewels,Palco NOS,Principal,B – M,,
860,2583,Sudoeste,2019,09/08,Russ,Palco Meo,Principal,B – M,,
475,2588,Paredes de Coura,2016,18/08,Ryley Walker,Palco Vodafone,Principal,B – M,,
736,2589,Sudoeste,2013,08/08,S.O.J.A.,Palco MEO,Principal,B – M,,
903,2597,Super Bock Super Rock,2012,05/07,Salto,Palco Super Bock,Principal,B – M,,
105,2604,Alive,2015,11/07,Sam Smith,Palco NOS,Principal,M,,
695,2632,Sudoeste,2011,06/08,Scissor Sisters,Palco TMN,Principal,M,,
172,2634,Marés Vivas,2009,17/07,Scorpions,,Principal,B – M,,
255,2633,Marés Vivas,2017,15/07,Scorpions,Palco Meo,Principal,B – M,,
886,2638,Super Bock Super Rock,2011,14/07,Sean Riley & The Slowriders,Palco Super bock,Principal,B – M,PT,
763,2645,Sudoeste,2014,08/08,Sebastian Ingrosso,Palco Meo,Principal,B – M,,
173,2648,Marés Vivas,2009,17/07,Secondhand Serenade,,Principal,M,,
766,2650,Sudoeste,2014,09/08,Selah Sue,Palco Meo,Principal,M,,
559,2658,Paredes de Coura,2019,17/08,Sensible Soccers,Palco Vodafone FM,Principal,M,,
594,2661,Rock In Rio,2012,25/05,Sepultura,Palco Mundo,Principal,M,,
767,2669,Sudoeste,2014,09/08,Seu Jorge,Palco Meo,Principal,M,,
809,2670,Sudoeste,2016,05/08,Seu Jorge,Palco Meo,Principal,M,,
258,2672,Marés Vivas,2017,16/07,Seu Jorge,Palco Meo,Principal,M,,
582,2678,Rock In Rio,2010,6/6,Shakira,Palco Mundo,Principal,M,,
517,2679,Paredes de Coura,2018,16/08,Shame,Palco Vodafone,Principal,M,,
988,2680,Super Bock Super Rock,2019,19/07,Shame,Palco Super Bock,Principal,M,,
851,2684,Sudoeste,2018,11/08,Shawn Mendes,Palco Meo,Principal,M,,
99,2693,Alive,2015,10/07,Sheppard,Palco NOS,Principal,B – MF,,
795,2696,Sudoeste,2015,09/08,Showtek,Palco Meo,Principal,B – MF,,
812,2698,Sudoeste,2016,06/08,Sia,Palco Meo,Principal,B – MF,,
342,2703,NOS Primavera Sounds,2016,9/6,Sigur Rós,Palco NOS,Principal,B – M,,
441,2709,Paredes de Coura,2013,16/08,Simian Mobile Disco,Palco Vodafone,Principal,B – M,,
523,2723,Paredes de Coura,2018,17/08,Skepta,Palco Vodafone,Principal,B – M,,
212,2724,Marés Vivas,2014,17/07,Skindred,,Principal,B – M,,
218,2727,Marés Vivas,2014,18/07,Skrillex,,Principal,M,,
912,2726,Super Bock Super Rock,2012,07/07,Skrillex,Palco Super Bock,Principal,M,,
195,2728,Marés Vivas,2011,15/07,Skunk Anansie,Palco tmn,Principal,B – F,,
25,2729,Alive,2010,09/07,Skunk Anansie,Palco Optimus,Principal,B – F,,
896,2731,Super Bock Super Rock,2011,16/07,Slash,Palco Super bock,Principal,B – F,,
476,2733,Paredes de Coura,2016,18/08,Sleaford Mods,Palco Vodafone,Principal,B – F,,
422,2737,Paredes de Coura,2012,15/08,Sleigh Bells,Palco EDP,Principal,B – F,,
5,2743,Alive,2009,09/07,Slipknot,Palco Optimus,Principal,B – M,,
975,2747,Super Bock Super Rock,2018,20/07,Slow J,Palco Super Bock,Principal,B – M,,
524,2750,Paredes de Coura,2018,17/08,Slowdive,Palco Vodafone,Principal,B – M,,
452,2749,Paredes de Coura,2015,19/08,Slowdive,Palco Vodafone,Principal,B – M,,
597,2752,Rock In Rio,2012,26/5,Smashing Pumpkins,Palco Mundo,Principal,B – M,,
687,2756,Sudoeste,2011,04/08,Snoop Dogg,Palco TMN,Principal,B – M,,
749,2757,Sudoeste,2013,11/08,Snoop Lion,Palco MEO,Principal,B – M,,
51,2759,Alive,2012,13/07,Snow Patrol,Palco Optimus,Principal,B – M,,
138,2760,Alive,2018,12/07,Snow Patrol,Palco NOS,Principal,B – M,,
568,2758,Rock In Rio,2010,27/5,Snow Patrol,Palco Mundo,Principal,B – M,,
371,2766,NOS Primavera Sounds,2019,6/6,Solange,Palco NOS,Principal,F,,
578,2782,Rock In Rio,2010,30/05,Soulfly,Palco Mundo,Principal,F,,
552,2794,Paredes de Coura,2019,16/08,Spiritualized,Palco Vodafone,Principal,F,,
311,2798,NOS Primavera Sounds,2014,5/6,Spoon,Palco NOS,Principal,B – M,,
881,2799,Super Bock Super Rock,2010,18/07,Spoon,Palco Super bock,Principal,B – M,,
543,2807,Paredes de Coura,2019,15/08,Stella Donnely,Palco Vodafone FM,Principal,B – M,,
882,2815,Super Bock Super Rock,2010,18/07,Stereophonics,Palco Super bock,Principal,B – M,,
624,2814,Rock In Rio,2016,19/05,Stereophonics,Palco Mundo,Principal,B – M,,
64,2816,Alive,2013,12/07,Stereophonics,Palco Optimus,Principal,B – M,,
817,2821,Sudoeste,2016,07/08,Steve Angello,Palco Meo,Principal,B – M,,
618,2822,Rock In Rio,2014,30/05,Steve Aoki,Palco Mundo,Principal,B – M,,
796,2823,Sudoeste,2015,09/08,Steve Aoki,Palco Meo,Principal,B – M,,
854,2825,Sudoeste,2019,07/08,Steve Aoki,Palco Meo,Principal,B – M,,
65,2828,Alive,2013,12/07,Steve Aoki,Palco Optimus,Principal,M,,
813,2824,Sudoeste,2016,06/08,Steve Aoki,Palco Meo,Principal,M,,
456,2829,Paredes de Coura,2015,20/08,Steve Gunn,Palco Vodafone,Principal,M,,
589,2830,Rock In Rio,2012,2/06,Stevie Wonder,Palco Mundo,Principal,M,,
943,2831,Super Bock Super Rock,2015,16/07,Sting,Palco Super Bock,Principal,M,,
282,2833,Marés Vivas,2019,21/07,Sting,Palco MEO,Principal,M,,
259,2832,Marés Vivas,2017,16/07,Sting,Palco Meo,Principal,M,,
980,2836,Super Bock Super Rock,2018,21/07,Stormzy,Palco Super Bock,Principal,M,,
897,2838,Super Bock Super Rock,2011,16/07,Strokes,Palco Super bock,Principal,M,,
560,2840,Paredes de Coura,2019,17/08,Suede,Palco Vodafone,Principal,M,,
285,2839,NOS Primavera Sounds,2012,7/6,Suede,Palco Optimus,Principal,B – M,,
673,2841,Sudoeste,2010,07/08,Sugababes,Palco tmn,Principal,B – M,,
569,2842,Rock In Rio,2010,27/5,Sum 41,Palco Mundo,Principal,B – M,,
818,2849,Sudoeste,2016,07/08,Sunnery James & Ryan Marciano,Palco Meo,Principal,B – M,,
907,2854,Super Bock Super Rock,2012,06/07,Supernada,Palco Super Bock,Principal,B – M,,
700,2872,Sudoeste,2011,07/08,Swedish House Mafia,Palco TMN,Principal,B – M,,
453,3200,Paredes de Coura,2015,19/08,TV On The Radio,Palco Vodafone,Principal,B – M,,
457,2883,Paredes de Coura,2015,20/08,Tame Impala,Palco Vodafone,Principal,B – M,,
113,2887,Alive,2016,08/07,Tame Impala,Palco NOS,Principal,B – M,,
929,2885,Super Bock Super Rock,2014,17/07,Tame Impala,Palco Super Bock,Principal,B – M,,
76,2886,Alive,2013,14/07,Tame Impala,Palco Optimus,Principal,B – M,,
467,2904,Paredes de Coura,2015,22/08,Temples,Palco Vodafone,Principal,B – M,,
109,2919,Alive,2016,07/07,The 1975,Palco NOS,Principal,B – M,,
984,2917,Super Bock Super Rock,2019,18/07,The 1975,Palco Super Bock,Principal,B – M,,
16,2929,Alive,2009,11/07,The Black Eyed Peas,Palco Optimus,Principal,B – MF,,
84,2930,Alive,2014,11/07,The Black Keys,Palco NOS,Principal,B – M,,
267,2934,Marés Vivas,2018,21/07,The Black Mamba,Palco Meo,Principal,B – M,PT,
133,2935,Alive,2017,08/07,The Black Mamba,Palco NOS,Principal,B – M,PT,
233,2933,Marés Vivas,2015,18/07,The Black Mamba,Paco Meo,Principal,B – M,PT,
89,2936,Alive,2014,12/07,The Black Mamba + Aurea,Palco NOS,Principal,B – MF,PT,
514,2939,Paredes de Coura,2018,15/08,The Blaze,Palco Vodafone,Principal,B – MF,,
303,2948,NOS Primavera Sounds,2013,30/5,The Breeders performing Last Splash,Palco Optimus,Principal,B – F,,
822,2950,Sudoeste,2017,02/08,The Chainsmokers,Palco Meo,Principal,B – F,,
36,2952,Alive,2011,08/07,The Chemical Brothers,Palco Optimus,Principal,B – M,,
110,2953,Alive,2016,07/07,The Chemical Brothers,Palco NOS,Principal,B – M,,
648,2951,Rock In Rio,2018,29/06,The Chemical Brothers,Palco Mundo,Principal,B – M,,
163,2954,Alive,2019,13/07,The Chemical Brothers,Palco NOS,Principal,B – M,,
393,2955,Paredes de Coura,2010,30/07,The Courteeners,Palco Paredes de Coura,Principal,B – M,,
198,2956,Marés Vivas,2011,16/07,The Cranberries,Palco tmn,Principal,B – F,,
127,2958,Alive,2017,07/07,The Cult,Palco NOS,Principal,B – M,,
388,2957,Paredes de Coura,2010,29/07,The Cult,Palco Paredes de Coura,Principal,B – M,,
154,2960,Alive,2019,11/07,The Cure,Palco NOS,Principal,B – M,,
56,2959,Alive,2012,14/07,The Cure,Palco Optimus,Principal,B – M,,
399,2961,Paredes de Coura,2010,31/07,The Dandy Warhols,Palco Paredes de Coura,Principal,B – M,,
948,2966,Super Bock Super Rock,2015,17/07,The Drums,Palco Super Bock,Principal,B – M,,
164,2977,Alive,2019,13/07,The Gift,Palco NOS,Principal,B – F,PT,
221,2975,Marés Vivas,2014,19/07,The Gift,,Principal,B – F,PT,
967,2974,Super Bock Super Rock,2017,14/07,The Gift,Palco Super Bock,Principal,B – F,,
590,2972,Rock In Rio,2012,2/06,The Gift,Palco Mundo,Principal,B – F,PT,
893,2973,Super Bock Super Rock,2011,15/07,The Gift,Palco Super bock,Principal,B – F,PT,
442,2978,Paredes de Coura,2013,16/08,The Glockenwise,Palco Vodafone,Principal,B – F,,
433,2980,Paredes de Coura,2012,17/08,The Go! Team,Palco EDP,Principal,B – F,,
443,2985,Paredes de Coura,2013,16/08,The Horrors,Palco Vodafone,Principal,B – F,,
411,2989,Paredes de Coura,2011,19/08,The Joy Formidable,Palco Ritek,Principal,B – F,,
649,2991,Rock In Rio,2018,29/06,The Killers,Palco Mundo,Principal,B – F,,
920,2992,Super Bock Super Rock,2013,19/07,The Killers,Palco Super Bock,Principal,B – F,,
938,2993,Super Bock Super Rock,2014,19/07,The Kills,Palco Super Bock,Principal,B – F,,
128,2995,Alive,2017,07/07,The Kills,Palco NOS,Principal,B – F,,
437,2996,Paredes de Coura,2013,15/08,The Knife,Palco Vodafone,Principal,B – F,,
10,2998,Alive,2009,10/07,The Kooks,Palco Optimus,Principal,B – M,,
61,2999,Alive,2012,15/07,The Kooks,Palco Optimus,Principal,B – M,,
887,2997,Super Bock Super Rock,2011,14/07,The Kooks,Palco Super bock,Principal,B – M,,
85,3002,Alive,2014,11/07,The Last Internationale,Palco NOS,Principal,B – MF,,
150,3003,Alive,2018,14/07,The Last Internationale,Palco NOS,Principal,B – MF,,
487,3001,Paredes de Coura,2016,20/08,The Last Internationale,Palco Vodafone,Principal,B – MF,,
518,3007,Paredes de Coura,2018,16/08,The Legendary Tigerman,Palco Vodafone,Principal,B – MF,,
933,3009,Super Bock Super Rock,2014,18/07,The Legendary Tigerman,Palco Super Bock,Principal,B – MF,,
458,3006,Paredes de Coura,2015,20/08,The Legendary Tigerman,Palco Vodafone,Principal,B – MF,,
90,3013,Alive,2014,12/07,The Libertines,Palco NOS,Principal,B – M,,
81,3015,Alive,2014,10/07,The Lumineers,Palco NOS,Principal,B – M,,
954,3027,Super Bock Super Rock,2016,14/07,The National,Palco Super Bock,Principal,B – M,,
883,3026,Super Bock Super Rock,2010,18/07,The National,Palco Super bock,Principal,B – M,,
701,3024,Sudoeste,2011,07/08,The National,Palco TMN,Principal,B – M,,
318,3023,NOS Primavera Sounds,2014,7/6,The National,Palco NOS,Principal,B – M,,
143,3028,Alive,2018,13/07,The National,Palco NOS,Principal,B – M,,
534,3025,Paredes de Coura,2019,14/08,The National,Palco Vodafone,Principal,B – M,,
964,3030,Super Bock Super Rock,2017,13/07,The New Power Generation ft. Bilal,Palco Super Bock,Principal,B – M,,
598,3031,Rock In Rio,2012,26/5,The Offspring,Palco Mundo,Principal,B – M,,
213,3040,Marés Vivas,2014,17/07,The Prodigy,,Principal,B – M,,
100,3042,Alive,2015,10/07,The Prodigy,Palco NOS,Principal,B – M,,
400,3039,Paredes de Coura,2010,31/07,The Prodigy,Palco Paredes de Coura,Principal,B – M,,
11,3041,Alive,2009,10/07,The Prodigy,Palco Optimus,Principal,B – M,,
908,3045,Super Bock Super Rock,2012,06/07,The Rapture,Palco Super Bock,Principal,B – M,,
286,3044,NOS Primavera Sounds,2012,7/6,The Rapture,Palco Optimus,Principal,B – M,,
327,3046,NOS Primavera Sounds,2015,5/6,The Replacements,Palco NOS,Principal,B – M,,
294,3047,NOS Primavera Sounds,2012,9/6,The Right Ons,Palco Optimus,Principal,B – M,,
613,3048,Rock In Rio,2014,29/05,The Rolling Stones,Palco Mundo,Principal,B – M,,
720,3049,Sudoeste,2012,04/08,The Roots,Palco TMN,Principal,B – M,,
696,3050,Sudoeste,2011,06/08,The Script,Palco TMN,Principal,B – M,,
234,3051,Marés Vivas,2015,18/07,The Script,Palco Meo,Principal,B – M,,
913,3053,Super Bock Super Rock,2012,07/07,The Shins,Palco Super Bock,Principal,B – M,,
165,3055,Alive,2019,13/07,The Smashing Pumpkins,Palco NOS,Principal,B – M,,
201,3054,Marés Vivas,2013,18/07,The Smashing Pumpkins,,Principal,B – M,,
401,3057,Paredes de Coura,2010,31/07,The Specials,Palco Paredes de Coura,Principal,B – M,,
52,3059,Alive,2012,13/07,The Stone Roses,Palco Optimus,Principal,B – F,,
394,3061,Paredes de Coura,2010,30/07,The Tallest Man on Earth,Palco Paredes de Coura,Principal,B – F,,
488,3062,Paredes de Coura,2016,20/08,The Tallest Man on Earth,Palco Vodafone,Principal,B – F,,
423,3063,Paredes de Coura,2012,15/08,The Temper Trap,Palco EDP,Principal,B – F,,
955,3065,Super Bock Super Rock,2016,14/07,The Temper Trap,Palco Super Bock,Principal,B – F,,
721,3068,Sudoeste,2012,04/08,The Ting Tings,Palco TMN,Principal,B – F,,
29,3074,Alive,2011,06/07,The Twilight Singers,Palco Optimus,Principal,B – M,,
944,3081,Super Bock Super Rock,2015,16/07,The Vaccines,Palco Super Bock,Principal,B – M,,
727,3077,Sudoeste,2012,05/08,The Vaccines,Palco TMN,Principal,B – M,,
438,3078,Paredes de Coura,2013,15/08,The Vaccines,Palco Vodafone,Principal,B – M,,
483,3079,Paredes de Coura,2016,19/08,The Vaccines,Palco Vodafone,Principal,B – M,,
86,3086,Alive,2014,11/07,The Vicious Five,Palco NOS,Principal,B – M,PT,
888,3089,Super Bock Super Rock,2011,14/07,The Walkmen,Palco Super bock,Principal,B – M,,
462,3092,Paredes de Coura,2015,21/08,The War on Drugs,Palco Vodafone,Principal,B – M,,
494,3095,Paredes de Coura,2017,16/08,The Wedding Present,Palco Vodafone,Principal,B – M,,
122,3097,Alive,2017,06/07,The Weeknd,Palco NOS,Principal,M,,
428,3098,Paredes de Coura,2012,16/08,The Whitest Boy Alive,Palco EDP,Principal,M,,
95,3099,Alive,2015,09/07,The Wombats,Palco NOS,Principal,B – M,,
123,3103,Alive,2017,06/07,The XX,Palco NOS,Principal,B – MF,,
295,3100,NOS Primavera Sounds,2012,9/6,The XX,Palco Optimus,Principal,B – MF,,
972,3101,Super Bock Super Rock,2018,19/07,The XX,Palco Super Bock,Principal,B – MF,,
477,3106,Paredes de Coura,2016,18/08,Thee Oh Sees,Palco Vodafone,Principal,B – MF,,
683,3113,Sudoeste,2011,03/08,Thomas Gold,Palco TMN,Principal,B – MF,,
741,3127,Sudoeste,2013,09/08,Tiago Bettencourt,Palco MEO,Principal,B – MF,,
877,3130,Super Bock Super Rock,2010,17/07,Tiago Bettencourt,Palco Super bock,Principal,B – MF,,
129,3129,Alive,2017,07/07,Tiago Bettencourt,Palco NOS,Principal,M,PT,
283,3134,Marés Vivas,2019,21/07,Tiago Nacarato,Palco MEO,Principal,M,PT,
561,3145,Paredes de Coura,2019,17/08,Time For T,Palco Vodafone FM,Principal,M,,
867,3148,Sudoeste,2019,10/08,Timmy Trumpet,Palco Meo,Principal,M,,
199,3150,Marés Vivas,2011,16/07,Tindersticks,Palco tmn,Principal,B – M,,
251,3158,Marés Vivas,2017,14/07,Tom Chaplin,Palco Meo,Principal,M,,
247,3163,Marés Vivas,2016,16/07,Tom Odell,Palco Meo,Principal,M,,
758,3162,Sudoeste,2014,07/08,Tom Odell,Palco Meo,Principal,M,,
166,3164,Alive,2019,13/07,Tom Walker,Palco NOS,Principal,M,,
921,3165,Super Bock Super Rock,2013,19/07,Tomahawk,Palco Super Bock,Principal,M,,
314,3171,NOS Primavera Sounds,2014,6/6,Tortoise,Palco NOS,Principal,B – M,,
412,3181,Paredes de Coura,2011,19/08,Trail of Dead,Palco Ritek,Principal,B – M,,
976,3182,Super Bock Super Rock,2018,20/07,Travis Scott,Palco Super Bock,Principal,B – M,,
566,3195,Rock In Rio,2010,22/5,Trovante,Palco Mundo,Principal,B – M,PT,
405,3204,Paredes de Coura,2011,18/08,Twin Shadow,Palco Ritek,Principal,B – M,,
728,3206,Sudoeste,2012,05/08,Two Door Cinema Club,Palco TMN,Principal,B – M,,
826,3207,Sudoeste,2017,03/08,Two Door Cinema Club,Palco Meo,Principal,B – M,,
417,3208,Paredes de Coura,2011,20/08,Two Door Cinema Club,Palco Ritek,Principal,B – M,,
66,3209,Alive,2013,12/07,Two Door Cinema Club,Palco Optimus,Principal,B – M,,
144,3211,Alive,2018,13/07,Two Door Cinema Club,Palco NOS,Principal,B – M,,
509,3216,Paredes de Coura,2017,19/08,Ty Segall,Palco Vodafone,Principal,B – M,,
343,3219,NOS Primavera Sounds,2016,9/6,U.S. Girls,Palco NOS,Principal,F,,
692,3224,Sudoeste,2011,05/08,Underworld,Palco TMN,Principal,F,,
331,3223,NOS Primavera Sounds,2015,6/6,Underworld,Palco NOS,Principal,B – M,,
472,3228,Paredes de Coura,2016,17/08,Unknown Mortal Orchestra,Palco Vodafone,Principal,B – M,,
697,3240,Sudoeste,2011,06/08,Valete,Palco TMN,Principal,B – M,,
161,3242,Alive,2019,12/07,Vampire Weekend,Palco NOS,Principal,B – M,,
873,5,Super Bock Super Rock,2010,17/07,Vampire Weekend,Palco Super bock,Principal,B – M,,
167,3254,Alive,2019,13/07,Vetusta Morla,Palco NOS,Principal,B – M,,
119,3253,Alive,2016,09/07,Vetusta Morla,Palco NOS,Principal,B – M,,
363,3260,NOS Primavera Sounds,2018,8/6,Vince Staples,Palco NOS,Principal,M,,
861,3261,Sudoeste,2019,09/08,Vini Vici,Palco Meo,Principal,M,,
930,3263,Super Bock Super Rock,2014,17/07,Vintage Trouble,Palco Super Bock,Principal,M,,
210,3267,Marés Vivas,2013,20/07,Virgem Sutra,,Principal,B – M,PT,
804,3268,Sudoeste,2016,04/08,Virgul,Palco Meo,Principal,B – M,,
862,3272,Sudoeste,2019,09/08,Vitor Kley,Palco Meo,Principal,B – M,,
389,3273,Paredes de Coura,2010,29/07,Vivian Girls,Palco Paredes de Coura,Principal,B – M,,
785,3279,Sudoeste,2015,07/08,W&W,Palco Meo,Principal,B – M,,
315,3282,NOS Primavera Sounds,2014,6/6,Warpaint,Palco NOS,Principal,B – F,,
406,3283,Paredes de Coura,2011,18/08,Warpaint,Palco Ritek,Principal,B – F,,
359,3288,NOS Primavera Sounds,2018,7/6,Waxahatchee,Palco NOS,Principal,F,,
290,3295,NOS Primavera Sounds,2012,8/6,We Trust,Palco Optimus,Principal,M,PT,
473,3302,Paredes de Coura,2016,17/08,We Trust,Palco Vodafone,Principal,M,,
222,3299,Marés Vivas,2014,19/07,We Trust,,Principal,M,PT,
57,3300,Alive,2012,14/07,We Trust,Palco Optimus,Principal,M,PT,
202,3298,Marés Vivas,2013,18/07,We Trust,,Principal,M,PT,
155,3303,Alive,2019,11/07,Weezer,Palco NOS,Principal,B – M,,
863,3304,Sudoeste,2019,09/08,Wet Bad Gang,Palco Meo,Principal,B – M,,
395,3315,Paredes de Coura,2010,30/07,White Lies,Palco Paredes de Coura,Principal,B – M,,
42,3316,Alive,2011,09/07,White Lies,Palco Optimus,Principal,B – M,,
478,3318,Paredes de Coura,2016,18/08,Whitney,Palco Vodafone,Principal,B – M,,
973,3319,Super Bock Super Rock,2018,19/07,Who The F*ck is Zé Pedro?,Palco Super Bock,Principal,B – M,,
291,3321,NOS Primavera Sounds,2012,8/6,Wilco,Palco Optimus,Principal,B – M,,
805,3336,Sudoeste,2016,04/08,Wiz Khalifa,Palco Meo,Principal,B – M,,
843,3337,Sudoeste,2018,09/08,Wizkid,Palco Meo,Principal,B – M,,
934,3342,Super Bock Super Rock,2014,18/07,Woodkid,Palco Super Bock,Principal,B – M,,
468,3343,Paredes de Coura,2015,22/08,Woods,Palco Vodafone,Principal,B – M,,
898,3349,Super Bock Super Rock,2011,16/07,X-Wife,Palco Super bock,Principal,B – M,PT,
463,3347,Paredes de Coura,2015,21/08,X-Wife,Palco Vodafone,Principal,B – M,,
519,3348,Paredes de Coura,2018,16/08,X-Wife,Palco Vodafone,Principal,B – M,,
602,3361,Rock In Rio,2012,3/06,Xutos & Pontapés,Palco Mundo,Principal,B – M,,
625,3363,Rock In Rio,2016,19/05,Xutos & Pontapés,Palco Mundo,Principal,B – M,PT,
214,3367,Marés Vivas,2014,17/07,Xutos & Pontapés,,Principal,B – M,PT,
570,3360,Rock In Rio,2010,27/5,Xutos & Pontapés,Palco Mundo,Principal,B – M,PT,
192,3366,Marés Vivas,2011,14/07,Xutos & Pontapés,Palco tmn,Principal,B – M,PT,
722,3365,Sudoeste,2012,04/08,Xutos & Pontapés,Palco TMN,Principal,B – M,,
650,3364,Rock In Rio,2018,29/06,Xutos & Pontapés,Palco Mundo,Principal,B – M,PT,
34,3368,Alive,2011,07/07,Xutos & Pontapés,Palco Optimus,Principal,B – M,PT,
614,3362,Rock In Rio,2014,29/05,Xutos & Pontapés,Palco Mundo,Principal,B – M,,
499,3381,Paredes de Coura,2017,17/08,YCWCB,Palco Vodafone,Principal,B – M,,
287,3376,NOS Primavera Sounds,2012,7/6,Yann Tiersen,Palco Optimus,Principal,M,,
114,3383,Alive,2016,08/07,Years & Years,Palco NOS,Principal,B – M,,
855,3382,Sudoeste,2019,07/08,Years & Years,Palco Meo,Principal,B – M,,
801,3385,Sudoeste,2016,03/08,Yellow Claw,Palco Meo,Principal,B – M,,
319,3391,NOS Primavera Sounds,2014,7/6,"You Can't Win, Charlie Brown",Palco NOS,Principal,B – M,PT,
124,3392,Alive,2017,06/07,"You Can't Win, Charlie Brown",Palco NOS,Principal,B – M,PT,
504,3396,Paredes de Coura,2017,18/08,Young Fathers,Palco Vodafone,Principal,B – M,,
768,3404,Sudoeste,2014,09/08,Yuri da Cunha,Palco Meo,Principal,B – M,,
750,3428,Sudoeste,2013,11/08,Zona 5,Palco MEO,Principal,B – M,,
658,3408,Sudoeste,2010,04/08,Zé Miguel Nora,Palco tmn,Principal,B – M,,
659,3409,Sudoeste,2010,04/08,Zé Pedro,Palco tmn,Principal,B – M,,
939,3413,Super Bock Super Rock,2014,19/07,Zé Pedro e Amigos / Tributo a Lou Reed,Palco Super Bock,Principal,B – M,,
418,714,Paredes de Coura,2012,15/08,dEUS,Palco EDP,Principal,B – M,,
946,715,Super Bock Super Rock,2015,17/07,dEUS,Palco Super Bock,Principal,B – M,,
187,716,Marés Vivas,2010,17/07,dEUS,Palco tmn,Principal,B – M,,
761,1806,Sudoeste,2014,08/08,mai-30,Palco Meo,Principal,B – M,,
